{"simkey": "s4747s025_liquid_2clones_purity4_eventsA_0", "dataset_id": "s4747s025", "liquidsolid": "liquid", "n_clones": 2, "n_samples": 2, "mixture_id": 4, "events_id": "A", "seed": 0, "error": 0.525576033210577, "precision": 0.5235326030752655, "recall": 0.4239311635101967, "accuracy": 0.4239311635101967, "error_mirrored": 0.49620966332169164, "precision_mirrored": 0.2766284395526653, "recall_mirrored": 0.13831421977633265, "accuracy_mirrored": 0.13831421977633265, "error_small": 0.5394870023760321, "precision_small": 0.2821600353518527, "recall_small": 0.15844436841648346, "accuracy_small": 0.15844436841648346, "method": "hatchet2"}