{"simkey": "s20410s025_liquid_3clones_purity6_eventsA_0", "dataset_id": "s20410s025", "liquidsolid": "liquid", "n_clones": 3, "n_samples": 2, "mixture_id": 6, "events_id": "A", "seed": 0, "error": 0.39503553000179287, "precision": 0.1405370431557676, "recall": 0.1092223655146016, "accuracy": 0.1092223655146016, "error_mirrored": 0.6849721776473092, "precision_mirrored": 0.04642781347124021, "recall_mirrored": 0.015577637817205857, "accuracy_mirrored": 0.015577637817205857, "error_small": 0.5922489178858495, "precision_small": 0.012713014346330615, "recall_small": 0.004985692109133348, "accuracy_small": 0.004985692109133348, "method": "hatchet2"}