{"simkey": "s25177s025_liquid_3clones_purity3_eventsA_0", "dataset_id": "s25177s025", "liquidsolid": "liquid", "n_clones": 3, "n_samples": 2, "mixture_id": 3, "events_id": "A", "seed": 0, "error": 0.2951354081851054, "precision": 0.11816755592898834, "recall": 0.23275884653205497, "accuracy": 0.11731008609141307, "error_mirrored": 0.4356207345531186, "precision_mirrored": 0.04366075518933085, "recall_mirrored": 0.03859903215570525, "accuracy_mirrored": 0.02657630860940777, "error_small": 0.43049435343001363, "precision_small": 0.07289389574875224, "recall_small": 0.10553092128055218, "accuracy_small": 0.06491274243011311, "method": "hatchet2"}