{"simkey": "s25177s025_liquid_3clones_purity5_eventsA_0", "dataset_id": "s25177s025", "liquidsolid": "liquid", "n_clones": 3, "n_samples": 2, "mixture_id": 5, "events_id": "A", "seed": 0, "error": 0.2853659828970854, "precision": 0.1273375702390642, "recall": 0.12393697820011104, "accuracy": 0.12393697820011104, "error_mirrored": 0.6206601749036986, "precision_mirrored": 0.0030185115775660525, "recall_mirrored": 0.0010950855824731892, "accuracy_mirrored": 0.0010950855824731892, "error_small": 0.527123220346484, "precision_small": 0.11333652617999858, "recall_small": 0.07751745157289873, "accuracy_small": 0.07751745157289873, "method": "hatchet2"}