{"simkey": "s7517s025_liquid_3clones_purity4_eventsA_0", "dataset_id": "s7517s025", "liquidsolid": "liquid", "n_clones": 3, "n_samples": 2, "mixture_id": 4, "events_id": "A", "seed": 0, "error": 0.5973844078787889, "precision": 0.32821796320385555, "recall": 0.3255244058140112, "accuracy": 0.2533284288109373, "error_mirrored": 0.5720273510269035, "precision_mirrored": 0.19292168523951705, "recall_mirrored": 0.1394661325963041, "accuracy_mirrored": 0.10506594096682716, "error_small": 0.5956281487545013, "precision_small": 0.20374128265315855, "recall_small": 0.2043332876260285, "accuracy_small": 0.1409935346404696, "method": "hatchet2"}