{"simkey": "s4747s025_liquid_2clones_purity1_eventsA_0", "dataset_id": "s4747s025", "liquidsolid": "liquid", "n_clones": 2, "n_samples": 2, "mixture_id": 1, "events_id": "A", "seed": 0, "error": 0.6062679638234374, "precision": 0.4010372064894082, "recall": 0.5098025279771008, "accuracy": 0.3442193760933295, "error_mirrored": 0.573708895225843, "precision_mirrored": 0.03681678966737546, "recall_mirrored": 0.03663578400868916, "accuracy_mirrored": 0.02448419122535488, "error_small": 0.6049402179485098, "precision_small": 0.33099623196548705, "recall_small": 0.32651057628871943, "accuracy_small": 0.2341314745525736, "method": "hatchet2"}