{"simkey": "s31165s025_liquid_2clones_purity5_eventsA_0", "dataset_id": "s31165s025", "liquidsolid": "liquid", "n_clones": 2, "n_samples": 2, "mixture_id": 5, "events_id": "A", "seed": 0, "error": 0.39132705332204215, "precision": 0.14343585012250148, "recall": 0.14007540662882997, "accuracy": 0.14007540662882997, "error_mirrored": 0.5486606662951047, "precision_mirrored": 0.0, "recall_mirrored": 0.0, "accuracy_mirrored": 0.0, "error_small": 0.47732350474607005, "precision_small": 0.07533915631444536, "recall_small": 0.06537347672814128, "accuracy_small": 0.06537347672814128, "method": "hatchet2"}