{"simkey": "s27871s025_liquid_2clones_purity2_eventsA_0", "dataset_id": "s27871s025", "liquidsolid": "liquid", "n_clones": 2, "n_samples": 2, "mixture_id": 2, "events_id": "A", "seed": 0, "error": 0.43446927797913054, "precision": 0.3459750014032808, "recall": 0.2665892876498173, "accuracy": 0.2665892876498173, "error_mirrored": 0.4119083119846938, "precision_mirrored": 0.04601060230345749, "recall_mirrored": 0.023005301151728746, "accuracy_mirrored": 0.023005301151728746, "error_small": 0.43280714357033967, "precision_small": 0.22808584211990074, "recall_small": 0.15964523609527256, "accuracy_small": 0.15964523609527256, "method": "hatchet2"}