{"simkey": "s28922s025_liquid_3clones_purity2_eventsA_0", "dataset_id": "s28922s025", "liquidsolid": "liquid", "n_clones": 3, "n_samples": 2, "mixture_id": 2, "events_id": "A", "seed": 0, "error": 0.38789728490506936, "precision": 0.10756301146106187, "recall": 0.18864375316892093, "accuracy": 0.09846168166655371, "error_mirrored": 0.3676215501381573, "precision_mirrored": 0.01256759806082866, "recall_mirrored": 0.010367431471781523, "accuracy_mirrored": 0.007278315412695538, "error_small": 0.40448240960144366, "precision_small": 0.07606165022259656, "recall_small": 0.10250306571611922, "accuracy_small": 0.058169014208077664, "method": "hatchet2"}