{"simkey": "s26774s025_liquid_3clones_purity3_eventsA_0", "dataset_id": "s26774s025", "liquidsolid": "liquid", "n_clones": 3, "n_samples": 2, "mixture_id": 3, "events_id": "A", "seed": 0, "error": 0.5293799396518908, "precision": 0.4629646915011888, "recall": 0.2961442222502789, "accuracy": 0.2961442222502789, "error_mirrored": 0.5065493321796788, "precision_mirrored": 0.43627513546452457, "recall_mirrored": 0.1509371850954625, "accuracy_mirrored": 0.1509371850954625, "error_small": 0.530462785584164, "precision_small": 0.3585908656045069, "recall_small": 0.18310593655620305, "accuracy_small": 0.18310593655620305, "method": "hatchet2"}