{"simkey": "s13579s025_liquid_3clones_purity4_eventsA_0", "dataset_id": "s13579s025", "liquidsolid": "liquid", "n_clones": 3, "n_samples": 2, "mixture_id": 4, "events_id": "A", "seed": 0, "error": 0.37220595817357277, "precision": 0.4422514633389321, "recall": 0.5028066512240871, "accuracy": 0.38553174138819685, "error_mirrored": 0.4771463442675117, "precision_mirrored": 0.24097558881650383, "recall_mirrored": 0.16510963796378086, "accuracy_mirrored": 0.15017641018336828, "error_small": 0.4320951964976599, "precision_small": 0.3070110786611698, "recall_small": 0.2837652876291655, "accuracy_small": 0.2181130868332765, "method": "hatchet2"}