{"simkey": "s22122s025_liquid_2clones_purity5_eventsA_0", "dataset_id": "s22122s025", "liquidsolid": "liquid", "n_clones": 2, "n_samples": 2, "mixture_id": 5, "events_id": "A", "seed": 0, "error": 0.31129771329229305, "precision": 0.13707796042158088, "recall": 0.17526496460776606, "accuracy": 0.11947561978169534, "error_mirrored": 0.5343113466539748, "precision_mirrored": 0.2502774935393077, "recall_mirrored": 0.12515836823564938, "accuracy_mirrored": 0.12514528725831903, "error_small": 0.4131097099849278, "precision_small": 0.056632300069851205, "recall_small": 0.0780704402879303, "accuracy_small": 0.04491252607722984, "method": "hatchet2"}