{"simkey": "s24913s025_liquid_3clones_purity5_eventsA_0", "dataset_id": "s24913s025", "liquidsolid": "liquid", "n_clones": 3, "n_samples": 2, "mixture_id": 5, "events_id": "A", "seed": 0, "error": 0.7186053744779912, "precision": 0.40103830300026677, "recall": 0.3114917471751023, "accuracy": 0.3114917471751023, "error_mirrored": 0.6942244126465497, "precision_mirrored": 0.23673050502318627, "recall_mirrored": 0.09082597878645478, "accuracy_mirrored": 0.09082597878645478, "error_small": 0.7070479342240138, "precision_small": 0.2849165668117738, "recall_small": 0.15551617039560134, "accuracy_small": 0.15551617039560134, "method": "hatchet2"}