{"simkey": "s2426s025_liquid_2clones_purity2_eventsA_0", "dataset_id": "s2426s025", "liquidsolid": "liquid", "n_clones": 2, "n_samples": 2, "mixture_id": 2, "events_id": "A", "seed": 0, "error": 0.2524313039996633, "precision": 0.41429901223468724, "recall": 0.4999453394193459, "accuracy": 0.3741816279625256, "error_mirrored": 0.4354604300484408, "precision_mirrored": 0.07972813787130786, "recall_mirrored": 0.07972813787130786, "accuracy_mirrored": 0.0531520919142052, "error_small": 0.3369011004280117, "precision_small": 0.16349117502503088, "recall_small": 0.2110253248484699, "accuracy_small": 0.13849652595407078, "method": "hatchet2"}