{"simkey": "s19383s025_liquid_2clones_purity4_eventsA_0", "dataset_id": "s19383s025", "liquidsolid": "liquid", "n_clones": 2, "n_samples": 2, "mixture_id": 4, "events_id": "A", "seed": 0, "error": 0.2862942413953189, "precision": 0.2895285160162985, "recall": 0.25500468729503484, "accuracy": 0.25500468729503484, "error_mirrored": 0.48090885983045933, "precision_mirrored": 0.0008133619335290459, "recall_mirrored": 0.00040668096676452296, "accuracy_mirrored": 0.00040668096676452296, "error_small": 0.4130863700540035, "precision_small": 0.14139867939115117, "recall_small": 0.10611175747436725, "accuracy_small": 0.10611175747436725, "method": "hatchet2"}