{"simkey": "s4669s025_liquid_2clones_purity6_eventsA_0", "dataset_id": "s4669s025", "liquidsolid": "liquid", "n_clones": 2, "n_samples": 2, "mixture_id": 6, "events_id": "A", "seed": 0, "error": 0.2400292261854821, "precision": 0.052970769541229853, "recall": 0.05197780773216965, "accuracy": 0.05197780773216965, "error_mirrored": 0.622416200325687, "precision_mirrored": 0.00019580220860195558, "recall_mirrored": 9.790110430097779e-05, "accuracy_mirrored": 9.790110430097779e-05, "error_small": 0.4820279435758016, "precision_small": 0.06615037409788763, "recall_small": 0.044342405258244524, "accuracy_small": 0.044342405258244524, "method": "hatchet2"}