{"simkey": "s30813s025_liquid_3clones_purity5_eventsA_0", "dataset_id": "s30813s025", "liquidsolid": "liquid", "n_clones": 3, "n_samples": 2, "mixture_id": 5, "events_id": "A", "seed": 0, "error": 0.7436348572189513, "precision": 0.2458235621714769, "recall": 0.21869467488312144, "accuracy": 0.21869467488312144, "error_mirrored": 0.7057105991818357, "precision_mirrored": 0.0918670249078767, "recall_mirrored": 0.030674129004504537, "accuracy_mirrored": 0.030674129004504537, "error_small": 0.7344473860933134, "precision_small": 0.1496386270118119, "recall_small": 0.0989228921897739, "accuracy_small": 0.0989228921897739, "method": "hatchet2"}