{"simkey": "s14855s025_liquid_2clones_purity1_eventsA_0", "dataset_id": "s14855s025", "liquidsolid": "liquid", "n_clones": 2, "n_samples": 2, "mixture_id": 1, "events_id": "A", "seed": 0, "error": 0.8220747426434861, "precision": 0.15419181261570492, "recall": 0.2901519718233945, "accuracy": 0.14341281900486513, "error_mirrored": 0.5920010660089507, "precision_mirrored": 0.016653706176762487, "recall_mirrored": 0.024939615727155445, "accuracy_mirrored": 0.012712995229333252, "error_small": 0.7584346610843423, "precision_small": 0.06243371329142875, "recall_small": 0.09266455578030165, "accuracy_small": 0.04946853268785882, "method": "hatchet2"}