{"simkey": "s24417s025_liquid_3clones_purity3_eventsA_0", "dataset_id": "s24417s025", "liquidsolid": "liquid", "n_clones": 3, "n_samples": 2, "mixture_id": 3, "events_id": "A", "seed": 0, "error": 0.2915568812119557, "precision": 0.10540946310756946, "recall": 0.08568291831284443, "accuracy": 0.08568291831284443, "error_mirrored": 0.5129650048441614, "precision_mirrored": 0.10276901433958359, "recall_mirrored": 0.03465563331543849, "accuracy_mirrored": 0.03465563331543849, "error_small": 0.3778525979830979, "precision_small": 0.18034689036950793, "recall_small": 0.10593778161020903, "accuracy_small": 0.10593778161020903, "method": "hatchet2"}