{"simkey": "s25177s025_liquid_3clones_purity4_eventsA_0", "dataset_id": "s25177s025", "liquidsolid": "liquid", "n_clones": 3, "n_samples": 2, "mixture_id": 4, "events_id": "A", "seed": 0, "error": 0.2736630902659538, "precision": 0.05781107679330475, "recall": 0.054606742891395596, "accuracy": 0.054606742891395596, "error_mirrored": 0.5647198639754547, "precision_mirrored": 0.0011707513864990888, "recall_mirrored": 0.00039025046216636293, "accuracy_mirrored": 0.00039025046216636293, "error_small": 0.4918540718914654, "precision_small": 0.035976736353314755, "recall_small": 0.01895875675159134, "accuracy_small": 0.01895875675159134, "method": "hatchet2"}