{"simkey": "s14855s025_liquid_2clones_purity4_eventsA_0", "dataset_id": "s14855s025", "liquidsolid": "liquid", "n_clones": 2, "n_samples": 2, "mixture_id": 4, "events_id": "A", "seed": 0, "error": 0.5163504117871036, "precision": 0.48560351692022186, "recall": 0.5788849154413765, "accuracy": 0.431303249408118, "error_mirrored": 0.4906662143208937, "precision_mirrored": 0.11255560909389828, "recall_mirrored": 0.11241270348533233, "accuracy_mirrored": 0.07498943752641027, "error_small": 0.5227829531916072, "precision_small": 0.30834533552716853, "recall_small": 0.34787053894874637, "accuracy_small": 0.24207887957801913, "method": "hatchet2"}