{"simkey": "s26774s025_liquid_3clones_purity4_eventsA_0", "dataset_id": "s26774s025", "liquidsolid": "liquid", "n_clones": 3, "n_samples": 2, "mixture_id": 4, "events_id": "A", "seed": 0, "error": 0.6223626858044841, "precision": 0.39274914762931473, "recall": 0.236662521135119, "accuracy": 0.236662521135119, "error_mirrored": 0.603479234230193, "precision_mirrored": 0.3525071409461786, "recall_mirrored": 0.1226924869873458, "accuracy_mirrored": 0.1226924869873458, "error_small": 0.6165235080676396, "precision_small": 0.29497604044942094, "recall_small": 0.14959851481499817, "accuracy_small": 0.14959851481499817, "method": "hatchet2"}