{"simkey": "s22122s025_liquid_2clones_purity1_eventsA_0", "dataset_id": "s22122s025", "liquidsolid": "liquid", "n_clones": 2, "n_samples": 2, "mixture_id": 1, "events_id": "A", "seed": 0, "error": 0.5385262728205943, "precision": 0.47858285776747916, "recall": 0.7180131223756278, "accuracy": 0.44745619491657806, "error_mirrored": 0.5853307492958795, "precision_mirrored": 0.2535189591532147, "recall_mirrored": 0.377977652875078, "accuracy_mirrored": 0.19128961229228322, "error_small": 0.5503025296535232, "precision_small": 0.38593167156969177, "recall_small": 0.5387901350801, "accuracy_small": 0.3373380485109123, "method": "hatchet2"}