{"simkey": "s19383s025_liquid_2clones_purity1_eventsA_0", "dataset_id": "s19383s025", "liquidsolid": "liquid", "n_clones": 2, "n_samples": 2, "mixture_id": 1, "events_id": "A", "seed": 0, "error": 0.5562089900711897, "precision": 0.4313124331828811, "recall": 0.5511233487456706, "accuracy": 0.38446759582599627, "error_mirrored": 0.6224523195223578, "precision_mirrored": 0.023397668954257284, "recall_mirrored": 0.023364860203478745, "accuracy_mirrored": 0.015611189864435352, "error_small": 0.5835320661407294, "precision_small": 0.34829184609326375, "recall_small": 0.38413350609097724, "accuracy_small": 0.28192986801824105, "method": "hatchet2"}