{"simkey": "s16924s025_liquid_2clones_purity5_eventsA_0", "dataset_id": "s16924s025", "liquidsolid": "liquid", "n_clones": 2, "n_samples": 2, "mixture_id": 5, "events_id": "A", "seed": 0, "error": 0.34817162691334047, "precision": 0.5218991224009736, "recall": 0.4812422808064547, "accuracy": 0.4374466542979143, "error_mirrored": 0.41439322309234594, "precision_mirrored": 0.006658776695817167, "recall_mirrored": 0.006658776695817167, "accuracy_mirrored": 0.00443918446387811, "error_small": 0.3925084454364803, "precision_small": 0.3269465254456213, "recall_small": 0.34633658750518165, "accuracy_small": 0.2530199595881917, "method": "hatchet2"}