{"simkey": "s31165s025_liquid_2clones_purity3_eventsA_0", "dataset_id": "s31165s025", "liquidsolid": "liquid", "n_clones": 2, "n_samples": 2, "mixture_id": 3, "events_id": "A", "seed": 0, "error": 0.4411650854109897, "precision": 0.022504625054048308, "recall": 0.04074831146017998, "accuracy": 0.02108431217140944, "error_mirrored": 0.40911502512719483, "precision_mirrored": 0.022732005149760173, "recall_mirrored": 0.022732005149760173, "accuracy_mirrored": 0.01515467009984011, "error_small": 0.43876890158841586, "precision_small": 0.013543956271653773, "recall_small": 0.023676254676249044, "accuracy_small": 0.012406736982634274, "method": "hatchet2"}