{"simkey": "s24250s025_liquid_3clones_purity2_eventsA_0", "dataset_id": "s24250s025", "liquidsolid": "liquid", "n_clones": 3, "n_samples": 2, "mixture_id": 2, "events_id": "A", "seed": 0, "error": 0.4097392128014821, "precision": 0.4180687101313666, "recall": 0.5051664500579667, "accuracy": 0.3299988839570506, "error_mirrored": 0.40487869692172296, "precision_mirrored": 0.23077047449198532, "recall_mirrored": 0.1042098036121556, "accuracy_mirrored": 0.09241412800746582, "error_small": 0.4103381209685598, "precision_small": 0.3331181669925725, "recall_small": 0.3004661251673263, "accuracy_small": 0.21435397606941578, "method": "hatchet2"}