{"simkey": "s26774s025_liquid_3clones_purity2_eventsA_0", "dataset_id": "s26774s025", "liquidsolid": "liquid", "n_clones": 3, "n_samples": 2, "mixture_id": 2, "events_id": "A", "seed": 0, "error": 0.4634313755426781, "precision": 0.5483399675383669, "recall": 0.3387783283492488, "accuracy": 0.3387783283492488, "error_mirrored": 0.4434669662711078, "precision_mirrored": 0.41832180531349156, "recall_mirrored": 0.14532221817650012, "accuracy_mirrored": 0.14532221817650012, "error_small": 0.46657916930195703, "precision_small": 0.3588796283009896, "recall_small": 0.17642571045865718, "accuracy_small": 0.17642571045865718, "method": "hatchet2"}