{"simkey": "s27871s025_liquid_2clones_purity1_eventsA_0", "dataset_id": "s27871s025", "liquidsolid": "liquid", "n_clones": 2, "n_samples": 2, "mixture_id": 1, "events_id": "A", "seed": 0, "error": 0.71847946930508, "precision": 0.11132856118175574, "recall": 0.16650219874179753, "accuracy": 0.08654794309888822, "error_mirrored": 0.6344434373351239, "precision_mirrored": 0.019999463074899887, "recall_mirrored": 0.023580309717928075, "accuracy_mirrored": 0.018205293528269148, "error_small": 0.6890055811141858, "precision_small": 0.12007842051458555, "recall_small": 0.1480941992813482, "accuracy_small": 0.09193866524555377, "method": "hatchet2"}