{"simkey": "s23465s025_liquid_2clones_purity1_eventsA_0", "dataset_id": "s23465s025", "liquidsolid": "liquid", "n_clones": 2, "n_samples": 2, "mixture_id": 1, "events_id": "A", "seed": 0, "error": 0.7855277760141025, "precision": 0.10540924524204891, "recall": 0.12907437846680134, "accuracy": 0.08275958414877199, "error_mirrored": 0.5959585425299776, "precision_mirrored": 0.18946469402487134, "recall_mirrored": 0.2751371667750364, "accuracy_mirrored": 0.14253160261652867, "error_small": 0.7202371871551504, "precision_small": 0.03843959673279584, "recall_small": 0.046884568348582296, "accuracy_small": 0.027033893091161634, "method": "hatchet2"}