{"simkey": "s17334s025_liquid_3clones_purity2_eventsA_0", "dataset_id": "s17334s025", "liquidsolid": "liquid", "n_clones": 3, "n_samples": 2, "mixture_id": 2, "events_id": "A", "seed": 0, "error": 0.1203396446456722, "precision": 0.6524227615874273, "recall": 0.7307024528280402, "accuracy": 0.6033133501213944, "error_mirrored": 0.3219611649136271, "precision_mirrored": 0.30012757436086285, "recall_mirrored": 0.22722580774277437, "accuracy_mirrored": 0.16449470218958454, "error_small": 0.2895069936294582, "precision_small": 0.39310714492126064, "recall_small": 0.3713757380020078, "accuracy_small": 0.3016039148544527, "method": "hatchet2"}