{"simkey": "s83678s025_liquid_2clones_purity2_eventsA_0", "dataset_id": "s83678s025", "liquidsolid": "liquid", "n_clones": 2, "n_samples": 2, "mixture_id": 2, "events_id": "A", "seed": 0, "error": 0.48022830609419104, "precision": 0.3900266591038537, "recall": 0.32778358931913065, "accuracy": 0.32778358931913065, "error_mirrored": 0.42766242621548395, "precision_mirrored": 0.43557393089803953, "recall_mirrored": 0.21778696544901976, "accuracy_mirrored": 0.21778696544901976, "error_small": 0.4604180733678632, "precision_small": 0.276656287916923, "recall_small": 0.1718178002473998, "accuracy_small": 0.1718178002473998, "method": "hatchet2"}