{"simkey": "s14855s025_liquid_2clones_purity2_eventsA_0", "dataset_id": "s14855s025", "liquidsolid": "liquid", "n_clones": 2, "n_samples": 2, "mixture_id": 2, "events_id": "A", "seed": 0, "error": 0.3618804393417864, "precision": 0.48321857133907364, "recall": 0.5917992076506471, "accuracy": 0.425025552080077, "error_mirrored": 0.3493884818859719, "precision_mirrored": 0.02408927460613634, "recall_mirrored": 0.02390125758083847, "accuracy_mirrored": 0.015996844062324933, "error_small": 0.37240807175144747, "precision_small": 0.346490504792695, "recall_small": 0.3924051688209819, "accuracy_small": 0.2713140699927412, "method": "hatchet2"}