{"simkey": "s23465s025_liquid_2clones_purity5_eventsA_0", "dataset_id": "s23465s025", "liquidsolid": "liquid", "n_clones": 2, "n_samples": 2, "mixture_id": 5, "events_id": "A", "seed": 0, "error": 0.5881378768216503, "precision": 0.41360297484919245, "recall": 0.3404937443692735, "accuracy": 0.3404937443692735, "error_mirrored": 0.5621427419038388, "precision_mirrored": 0.4051965540788799, "recall_mirrored": 0.20259827703943994, "accuracy_mirrored": 0.20259827703943994, "error_small": 0.6187024646705541, "precision_small": 0.06436236627093396, "recall_small": 0.04413322123414436, "accuracy_small": 0.04413322123414436, "method": "hatchet2"}