{"simkey": "s16924s025_liquid_2clones_purity3_eventsA_0", "dataset_id": "s16924s025", "liquidsolid": "liquid", "n_clones": 2, "n_samples": 2, "mixture_id": 3, "events_id": "A", "seed": 0, "error": 0.3029541937507718, "precision": 0.5161344807827587, "recall": 0.47493743839859426, "accuracy": 0.4322514463875544, "error_mirrored": 0.3685273987165305, "precision_mirrored": 0.007550625777054133, "recall_mirrored": 0.007550625777054133, "accuracy_mirrored": 0.0053868338112238795, "error_small": 0.3461016061752805, "precision_small": 0.3155486990228442, "recall_small": 0.33483540527100947, "accuracy_small": 0.25145066391872806, "method": "hatchet2"}