{"simkey": "s4669s025_liquid_2clones_purity1_eventsA_0", "dataset_id": "s4669s025", "liquidsolid": "liquid", "n_clones": 2, "n_samples": 2, "mixture_id": 1, "events_id": "A", "seed": 0, "error": 0.4791909761888809, "precision": 0.5523682088425189, "recall": 0.8605952595990293, "accuracy": 0.539989934492523, "error_mirrored": 0.5017019778003143, "precision_mirrored": 0.39445126203729514, "recall_mirrored": 0.4353532610722746, "accuracy_mirrored": 0.39381986364044136, "error_small": 0.5560510196042543, "precision_small": 0.33106375135890675, "recall_small": 0.555816664422796, "accuracy_small": 0.30550441933152256, "method": "hatchet2"}