{"simkey": "s14855s025_liquid_2clones_purity3_eventsA_0", "dataset_id": "s14855s025", "liquidsolid": "liquid", "n_clones": 2, "n_samples": 2, "mixture_id": 3, "events_id": "A", "seed": 0, "error": 0.45396517695425176, "precision": 0.47523890569627386, "recall": 0.5970660078226542, "accuracy": 0.4209674217887506, "error_mirrored": 0.4232247824549875, "precision_mirrored": 0.07960930077246502, "recall_mirrored": 0.05661179469719368, "accuracy_mirrored": 0.045407031823219576, "error_small": 0.4592974502133689, "precision_small": 0.31474246255582106, "recall_small": 0.3554336244776251, "accuracy_small": 0.24631237868588482, "method": "hatchet2"}