{"simkey": "s2426s025_liquid_2clones_purity4_eventsA_0", "dataset_id": "s2426s025", "liquidsolid": "liquid", "n_clones": 2, "n_samples": 2, "mixture_id": 4, "events_id": "A", "seed": 0, "error": 0.2987112789884813, "precision": 0.4155374958678585, "recall": 0.5164262279055452, "accuracy": 0.37567637219469485, "error_mirrored": 0.5153586360251614, "precision_mirrored": 0.07327929486054852, "recall_mirrored": 0.07327929486054852, "accuracy_mirrored": 0.04885286324036568, "error_small": 0.38503499473202624, "precision_small": 0.23596060391106427, "recall_small": 0.281080367672575, "accuracy_small": 0.1864388800246803, "method": "hatchet2"}