{"simkey": "s4669s025_liquid_2clones_purity3_eventsA_0", "dataset_id": "s4669s025", "liquidsolid": "liquid", "n_clones": 2, "n_samples": 2, "mixture_id": 3, "events_id": "A", "seed": 0, "error": 0.4568773441214292, "precision": 0.02859373761741758, "recall": 0.029018685418019396, "accuracy": 0.023062052726952994, "error_mirrored": 0.43114098930418865, "precision_mirrored": 0.014759891258397368, "recall_mirrored": 0.014724322009046088, "accuracy_mirrored": 0.009828071089147818, "error_small": 0.4625423466740649, "precision_small": 0.026735880925847902, "recall_small": 0.038321292092428474, "accuracy_small": 0.021685724339425446, "method": "hatchet2"}