{"simkey": "s14584s025_liquid_2clones_purity2_eventsA_0", "dataset_id": "s14584s025", "liquidsolid": "liquid", "n_clones": 2, "n_samples": 2, "mixture_id": 2, "events_id": "A", "seed": 0, "error": 0.36104660532792293, "precision": 0.028916471416669535, "recall": 0.038145536021175645, "accuracy": 0.02475182951591124, "error_mirrored": 0.31387500620195563, "precision_mirrored": 0.10148324063618394, "recall_mirrored": 0.10133386749230827, "accuracy_mirrored": 0.06760570270949748, "error_small": 0.34821155524045855, "precision_small": 0.11554297765639468, "recall_small": 0.10908532047001206, "accuracy_small": 0.09123435010937721, "method": "hatchet2"}