{"simkey": "s16924s025_liquid_2clones_purity1_eventsA_0", "dataset_id": "s16924s025", "liquidsolid": "liquid", "n_clones": 2, "n_samples": 2, "mixture_id": 1, "events_id": "A", "seed": 0, "error": 0.5582967051440143, "precision": 0.5106518428203929, "recall": 0.49324049321421215, "accuracy": 0.4360450919088711, "error_mirrored": 0.6055140731807055, "precision_mirrored": 0.004882926677557208, "recall_mirrored": 0.004838504013953649, "accuracy_mirrored": 0.0032404768971702872, "error_small": 0.5986386394272538, "precision_small": 0.3471336365216037, "recall_small": 0.3484075185897551, "accuracy_small": 0.2755235230556904, "method": "hatchet2"}