{"simkey": "s23587s025_liquid_3clones_purity1_eventsA_0", "dataset_id": "s23587s025", "liquidsolid": "liquid", "n_clones": 3, "n_samples": 2, "mixture_id": 1, "events_id": "A", "seed": 0, "error": 0.6980285986948799, "precision": 0.5637314291039082, "recall": 0.5119843224756879, "accuracy": 0.3795649254643703, "error_mirrored": 0.5852903871092769, "precision_mirrored": 0.3290921890708539, "recall_mirrored": 0.17868537218532754, "accuracy_mirrored": 0.14419731623534707, "error_small": 0.6995719298268331, "precision_small": 0.396556026050481, "recall_small": 0.3462111491377149, "accuracy_small": 0.2574206337827885, "method": "hatchet2"}