{"simkey": "s19383s025_liquid_2clones_purity6_eventsA_0", "dataset_id": "s19383s025", "liquidsolid": "liquid", "n_clones": 2, "n_samples": 2, "mixture_id": 6, "events_id": "A", "seed": 0, "error": 0.3763861611108271, "precision": 0.014963130352768583, "recall": 0.011015772942582252, "accuracy": 0.011015772942582252, "error_mirrored": 0.6307155000000003, "precision_mirrored": 0.06882399449948383, "recall_mirrored": 0.034411997249741914, "accuracy_mirrored": 0.034411997249741914, "error_small": 0.5383435289514426, "precision_small": 0.007390481498840907, "recall_small": 0.005764507670285403, "accuracy_small": 0.005764507670285403, "method": "hatchet2"}