{"simkey": "s24250s025_liquid_3clones_purity4_eventsA_0", "dataset_id": "s24250s025", "liquidsolid": "liquid", "n_clones": 3, "n_samples": 2, "mixture_id": 4, "events_id": "A", "seed": 0, "error": 0.6473762659513034, "precision": 0.1536602656522059, "recall": 0.19265037773258742, "accuracy": 0.11874286265802063, "error_mirrored": 0.657309605682419, "precision_mirrored": 0.09759357069960349, "recall_mirrored": 0.08606324971599508, "accuracy_mirrored": 0.05929721997459817, "error_small": 0.6446029666399294, "precision_small": 0.1034864225942854, "recall_small": 0.13449771702967997, "accuracy_small": 0.07991762060758857, "method": "hatchet2"}