{"simkey": "s30813s025_liquid_3clones_purity1_eventsA_0", "dataset_id": "s30813s025", "liquidsolid": "liquid", "n_clones": 3, "n_samples": 2, "mixture_id": 1, "events_id": "A", "seed": 0, "error": 1.0170085147214383, "precision": 0.08330234360836201, "recall": 0.07531776636768192, "accuracy": 0.06709800696749292, "error_mirrored": 0.8068953753385976, "precision_mirrored": 0.01043848251205559, "recall_mirrored": 0.007616818521240748, "accuracy_mirrored": 0.006029051991489979, "error_small": 0.9261686341712465, "precision_small": 0.12925689741970575, "recall_small": 0.12712694526287416, "accuracy_small": 0.09073230132457076, "method": "hatchet2"}