{"simkey": "s4467s025_liquid_3clones_purity2_eventsA_0", "dataset_id": "s4467s025", "liquidsolid": "liquid", "n_clones": 3, "n_samples": 2, "mixture_id": 2, "events_id": "A", "seed": 0, "error": 0.3285176225120758, "precision": 0.08902499657163442, "recall": 0.10853357688156426, "accuracy": 0.06447405421517705, "error_mirrored": 0.35723111130462504, "precision_mirrored": 0.05718258834954867, "recall_mirrored": 0.03688294555367984, "accuracy_mirrored": 0.027988452488467024, "error_small": 0.35158876135109934, "precision_small": 0.07503733459499023, "recall_small": 0.062081080727606805, "accuracy_small": 0.04226890360595746, "method": "hatchet2"}