{"simkey": "s21221s025_liquid_2clones_purity5_eventsA_0", "dataset_id": "s21221s025", "liquidsolid": "liquid", "n_clones": 2, "n_samples": 2, "mixture_id": 5, "events_id": "A", "seed": 0, "error": 0.5630280977433229, "precision": 0.3449329273872551, "recall": 0.283459597473441, "accuracy": 0.283459597473441, "error_mirrored": 0.5355342912016579, "precision_mirrored": 0.02511082105453684, "recall_mirrored": 0.01255541052726842, "accuracy_mirrored": 0.01255541052726842, "error_small": 0.5657887484173079, "precision_small": 0.19894006407984616, "recall_small": 0.133406274710185, "accuracy_small": 0.133406274710185, "method": "hatchet2"}