{"simkey": "s11992s025_liquid_3clones_purity6_eventsA_0", "dataset_id": "s11992s025", "liquidsolid": "liquid", "n_clones": 3, "n_samples": 2, "mixture_id": 6, "events_id": "A", "seed": 0, "error": 0.7834873757715323, "precision": 0.28727652564868866, "recall": 0.1641593156122838, "accuracy": 0.1641593156122838, "error_mirrored": 0.7976832393849281, "precision_mirrored": 0.10772064939078982, "recall_mirrored": 0.036916143970944705, "accuracy_mirrored": 0.036916143970944705, "error_small": 0.7525552030211764, "precision_small": 0.1343418372421386, "recall_small": 0.06914459897674248, "accuracy_small": 0.06914459897674248, "method": "hatchet2"}