{"simkey": "s12680s025_liquid_2clones_purity5_eventsA_0", "dataset_id": "s12680s025", "liquidsolid": "liquid", "n_clones": 2, "n_samples": 2, "mixture_id": 5, "events_id": "A", "seed": 0, "error": 0.3063969220865971, "precision": 0.027604716181880158, "recall": 0.02008127151365612, "accuracy": 0.02008127151365612, "error_mirrored": 0.5901840000000013, "precision_mirrored": 0.0, "recall_mirrored": 0.0, "accuracy_mirrored": 0.0, "error_small": 0.4604231290791604, "precision_small": 0.09657201383877667, "recall_small": 0.06749461238241142, "accuracy_small": 0.06749461238241142, "method": "hatchet2"}