{"simkey": "s28104s025_liquid_2clones_purity3_eventsA_0", "dataset_id": "s28104s025", "liquidsolid": "liquid", "n_clones": 2, "n_samples": 2, "mixture_id": 3, "events_id": "A", "seed": 0, "error": 0.4825903706785229, "precision": 0.31575739480818066, "recall": 0.3358372802623527, "accuracy": 0.24025907465050347, "error_mirrored": 0.45502549478877136, "precision_mirrored": 0.027043672630185898, "recall_mirrored": 0.027043672630185898, "accuracy_mirrored": 0.018029115086790604, "error_small": 0.47146544295291276, "precision_small": 0.14126323587115672, "recall_small": 0.1285018769215825, "accuracy_small": 0.09696659353557388, "method": "hatchet2"}