{"simkey": "s4747s025_liquid_2clones_purity3_eventsA_0", "dataset_id": "s4747s025", "liquidsolid": "liquid", "n_clones": 2, "n_samples": 2, "mixture_id": 3, "events_id": "A", "seed": 0, "error": 0.3861896848452741, "precision": 0.4868293545552746, "recall": 0.5451682738478832, "accuracy": 0.41816686831146777, "error_mirrored": 0.45101192168098175, "precision_mirrored": 0.23753689139060746, "recall_mirrored": 0.23753689139060746, "accuracy_mirrored": 0.15835792759373818, "error_small": 0.3863313590900754, "precision_small": 0.3216274439662716, "recall_small": 0.3522848188109135, "accuracy_small": 0.2411125261255517, "method": "hatchet2"}