{"simkey": "s24913s025_liquid_3clones_purity1_eventsA_0", "dataset_id": "s24913s025", "liquidsolid": "liquid", "n_clones": 3, "n_samples": 2, "mixture_id": 1, "events_id": "A", "seed": 0, "error": 0.7148100532202155, "precision": 0.5576999614845529, "recall": 0.5839230718027549, "accuracy": 0.4350603259143744, "error_mirrored": 0.7129696287167617, "precision_mirrored": 0.26614893840976495, "recall_mirrored": 0.13954699870146361, "accuracy_mirrored": 0.1142331826562304, "error_small": 0.6651858445612724, "precision_small": 0.5217922972451718, "recall_small": 0.4230982089500028, "accuracy_small": 0.3332319977363124, "method": "hatchet2"}