{"simkey": "s23465s025_liquid_2clones_purity4_eventsA_0", "dataset_id": "s23465s025", "liquidsolid": "liquid", "n_clones": 2, "n_samples": 2, "mixture_id": 4, "events_id": "A", "seed": 0, "error": 0.48728359686272615, "precision": 0.4165776248272531, "recall": 0.3420362366575152, "accuracy": 0.3420362366575152, "error_mirrored": 0.537962926194782, "precision_mirrored": 0.0057703758254559695, "recall_mirrored": 0.0028851879127279848, "accuracy_mirrored": 0.0028851879127279848, "error_small": 0.5231844155956685, "precision_small": 0.1318968713265214, "recall_small": 0.07527373632335654, "accuracy_small": 0.07527373632335654, "method": "hatchet2"}