{"simkey": "s7517s025_liquid_3clones_purity5_eventsA_0", "dataset_id": "s7517s025", "liquidsolid": "liquid", "n_clones": 3, "n_samples": 2, "mixture_id": 5, "events_id": "A", "seed": 0, "error": 0.7124259169022568, "precision": 0.2056120950687167, "recall": 0.11077750709118886, "accuracy": 0.11077750709118886, "error_mirrored": 0.6896684999999994, "precision_mirrored": 0.19760461372891272, "recall_mirrored": 0.06619035476019221, "accuracy_mirrored": 0.06619035476019221, "error_small": 0.7113913480955566, "precision_small": 0.08457459573976722, "recall_small": 0.03804890686376424, "accuracy_small": 0.03804890686376424, "method": "hatchet2"}