{"simkey": "s24417s025_liquid_3clones_purity2_eventsA_0", "dataset_id": "s24417s025", "liquidsolid": "liquid", "n_clones": 3, "n_samples": 2, "mixture_id": 2, "events_id": "A", "seed": 0, "error": 0.29296714114445044, "precision": 0.06774454303259275, "recall": 0.0611229575200329, "accuracy": 0.0611229575200329, "error_mirrored": 0.39247935277122187, "precision_mirrored": 0.06325056645303295, "recall_mirrored": 0.021295934485660653, "accuracy_mirrored": 0.021295934485660653, "error_small": 0.3349420966929161, "precision_small": 0.08257997590247722, "recall_small": 0.05409190095792267, "accuracy_small": 0.05409190095792267, "method": "hatchet2"}