{"simkey": "s22122s025_liquid_2clones_purity3_eventsA_0", "dataset_id": "s22122s025", "liquidsolid": "liquid", "n_clones": 2, "n_samples": 2, "mixture_id": 3, "events_id": "A", "seed": 0, "error": 0.36808287441282195, "precision": 0.06594894661068952, "recall": 0.11680959014591519, "accuracy": 0.0609445575534496, "error_mirrored": 0.3682762790436603, "precision_mirrored": 0.12961714539126665, "recall_mirrored": 0.12740050518674667, "accuracy_mirrored": 0.08567255019267118, "error_small": 0.39072053944667595, "precision_small": 0.04518189245169503, "recall_small": 0.054012245916360786, "accuracy_small": 0.03306471278935194, "method": "hatchet2"}