{"simkey": "s2426s025_liquid_2clones_purity5_eventsA_0", "dataset_id": "s2426s025", "liquidsolid": "liquid", "n_clones": 2, "n_samples": 2, "mixture_id": 5, "events_id": "A", "seed": 0, "error": 0.3569160124894154, "precision": 0.12310028626315178, "recall": 0.11834336402010635, "accuracy": 0.11834336402010635, "error_mirrored": 0.5684452679537603, "precision_mirrored": 0.013138688019957793, "recall_mirrored": 0.006569344009978897, "accuracy_mirrored": 0.006569344009978897, "error_small": 0.48473200118999454, "precision_small": 0.07433965004500404, "recall_small": 0.05437381226299001, "accuracy_small": 0.05437381226299001, "method": "hatchet2"}