{"simkey": "s20410s025_liquid_3clones_purity3_eventsA_0", "dataset_id": "s20410s025", "liquidsolid": "liquid", "n_clones": 3, "n_samples": 2, "mixture_id": 3, "events_id": "A", "seed": 0, "error": 0.30197952523645366, "precision": 0.19166869019647303, "recall": 0.2505391422290623, "accuracy": 0.15567996290234384, "error_mirrored": 0.47382863865049135, "precision_mirrored": 0.0675996706792115, "recall_mirrored": 0.03259005202039398, "accuracy_mirrored": 0.0275997161376025, "error_small": 0.42155928545363586, "precision_small": 0.08448097992056547, "recall_small": 0.07480506571100479, "accuracy_small": 0.05201137529223501, "method": "hatchet2"}