{"simkey": "s25177s025_liquid_3clones_purity6_eventsA_0", "dataset_id": "s25177s025", "liquidsolid": "liquid", "n_clones": 3, "n_samples": 2, "mixture_id": 6, "events_id": "A", "seed": 0, "error": 0.3115537905701313, "precision": 0.06255601377034282, "recall": 0.05937687423070365, "accuracy": 0.05937687423070365, "error_mirrored": 0.6946906693612596, "precision_mirrored": 0.0005699976031440018, "recall_mirrored": 0.00021449395609176114, "accuracy_mirrored": 0.00021449395609176114, "error_small": 0.58071518410821, "precision_small": 0.08330529979071233, "recall_small": 0.05609677464410983, "accuracy_small": 0.05609677464410983, "method": "hatchet2"}