{"simkey": "s20410s025_liquid_3clones_purity4_eventsA_0", "dataset_id": "s20410s025", "liquidsolid": "liquid", "n_clones": 3, "n_samples": 2, "mixture_id": 4, "events_id": "A", "seed": 0, "error": 0.33540336146548044, "precision": 0.17752050243883982, "recall": 0.23902210519732311, "accuracy": 0.14726179695932742, "error_mirrored": 0.5379639178728091, "precision_mirrored": 0.0792454618545084, "recall_mirrored": 0.03947506367605502, "accuracy_mirrored": 0.03294510881377886, "error_small": 0.4737244526699051, "precision_small": 0.06105749538539497, "recall_small": 0.06320342178377458, "accuracy_small": 0.04005869005540228, "method": "hatchet2"}