{"simkey": "s28463s025_liquid_3clones_purity6_eventsA_0", "dataset_id": "s28463s025", "liquidsolid": "liquid", "n_clones": 3, "n_samples": 2, "mixture_id": 6, "events_id": "A", "seed": 0, "error": 0.42717262501947456, "precision": 0.007241876220067623, "recall": 0.004137811919723568, "accuracy": 0.004137811919723568, "error_mirrored": 0.5836621095482566, "precision_mirrored": 0.00019213084343763068, "recall_mirrored": 6.404361447921021e-05, "accuracy_mirrored": 6.404361447921021e-05, "error_small": 0.5156835205914969, "precision_small": 0.0529672131147541, "recall_small": 0.030126593806921675, "accuracy_small": 0.030126593806921675, "method": "hatchet2"}