{"simkey": "s30813s025_liquid_3clones_purity6_eventsA_0", "dataset_id": "s30813s025", "liquidsolid": "liquid", "n_clones": 3, "n_samples": 2, "mixture_id": 6, "events_id": "A", "seed": 0, "error": 0.7881388342197125, "precision": 0.2998810265068345, "recall": 0.26929878783690325, "accuracy": 0.26929878783690325, "error_mirrored": 0.7450005036432225, "precision_mirrored": 0.1020540974265733, "recall_mirrored": 0.03402727251242906, "accuracy_mirrored": 0.03402727251242906, "error_small": 0.7882328860941686, "precision_small": 0.180679841818231, "recall_small": 0.11377142402381524, "accuracy_small": 0.11377142402381524, "method": "hatchet2"}