{"simkey": "s30813s025_liquid_3clones_purity3_eventsA_0", "dataset_id": "s30813s025", "liquidsolid": "liquid", "n_clones": 3, "n_samples": 2, "mixture_id": 3, "events_id": "A", "seed": 0, "error": 0.5370506940132262, "precision": 0.4752063541740319, "recall": 0.4277148963954658, "accuracy": 0.4277148963954658, "error_mirrored": 0.5646873092146305, "precision_mirrored": 0.10629767941119264, "recall_mirrored": 0.037377862499486124, "accuracy_mirrored": 0.037377862499486124, "error_small": 0.5396870835281558, "precision_small": 0.334959882496133, "recall_small": 0.22738189553421229, "accuracy_small": 0.22738189553421229, "method": "hatchet2"}