{"simkey": "s27871s025_liquid_2clones_purity6_eventsA_0", "dataset_id": "s27871s025", "liquidsolid": "liquid", "n_clones": 2, "n_samples": 2, "mixture_id": 6, "events_id": "A", "seed": 0, "error": 0.6508938794772888, "precision": 0.18785905789587853, "recall": 0.14395244344989547, "accuracy": 0.14395244344989547, "error_mirrored": 0.6316720776245708, "precision_mirrored": 0.0841347651498814, "recall_mirrored": 0.0420673825749407, "accuracy_mirrored": 0.0420673825749407, "error_small": 0.647779413522742, "precision_small": 0.13302108533446752, "recall_small": 0.07705926127747804, "accuracy_small": 0.07705926127747804, "method": "hatchet2"}