{"simkey": "s8209s025_liquid_3clones_purity5_eventsA_0", "dataset_id": "s8209s025", "liquidsolid": "liquid", "n_clones": 3, "n_samples": 2, "mixture_id": 5, "events_id": "A", "seed": 0, "error": 0.3176429022205653, "precision": 0.03288762020140157, "recall": 0.031404503582637314, "accuracy": 0.029442605410220417, "error_mirrored": 0.5979671461426574, "precision_mirrored": 0.03542811520866995, "recall_mirrored": 0.02361874347244664, "accuracy_mirrored": 0.017928784281566162, "error_small": 0.4321306071972029, "precision_small": 0.04177702020819609, "recall_small": 0.03779824058901979, "accuracy_small": 0.026340204200662617, "method": "hatchet2"}