{"simkey": "s31165s025_liquid_2clones_purity2_eventsA_0", "dataset_id": "s31165s025", "liquidsolid": "liquid", "n_clones": 2, "n_samples": 2, "mixture_id": 2, "events_id": "A", "seed": 0, "error": 0.3503776950672364, "precision": 0.1307380455723053, "recall": 0.22188015236662711, "accuracy": 0.1256568807056367, "error_mirrored": 0.3324513593784577, "precision_mirrored": 0.02347657936407661, "recall_mirrored": 0.02347657936407661, "accuracy_mirrored": 0.01565105290938441, "error_small": 0.35947082992982937, "precision_small": 0.14680529227362082, "recall_small": 0.20211632061555895, "accuracy_small": 0.12274024513246788, "method": "hatchet2"}