{"simkey": "s12680s025_liquid_2clones_purity2_eventsA_0", "dataset_id": "s12680s025", "liquidsolid": "liquid", "n_clones": 2, "n_samples": 2, "mixture_id": 2, "events_id": "A", "seed": 0, "error": 0.37647425855798644, "precision": 0.030862005039712558, "recall": 0.045434012739633066, "accuracy": 0.025442906994131355, "error_mirrored": 0.341922851816275, "precision_mirrored": 0.0007836980844813165, "recall_mirrored": 0.0005256810111537764, "accuracy_mirrored": 0.00043645969854503095, "error_small": 0.3761668113560807, "precision_small": 0.0735298912456692, "recall_small": 0.11707262923468396, "accuracy_small": 0.06363395191263367, "method": "hatchet2"}