{"simkey": "s28037s025_liquid_2clones_purity2_eventsA_0", "dataset_id": "s28037s025", "liquidsolid": "liquid", "n_clones": 2, "n_samples": 2, "mixture_id": 2, "events_id": "A", "seed": 0, "error": 0.11925713172994867, "precision": 0.664469192281083, "recall": 0.7558785797273576, "accuracy": 0.6336198522077292, "error_mirrored": 0.3860792539508538, "precision_mirrored": 0.08671740467629832, "recall_mirrored": 0.08671740467629832, "accuracy_mirrored": 0.057811603117532154, "error_small": 0.28073802898601313, "precision_small": 0.3609935796940815, "recall_small": 0.38381215314643036, "accuracy_small": 0.29255365460042737, "method": "hatchet2"}