{"simkey": "s13579s025_liquid_3clones_purity5_eventsA_0", "dataset_id": "s13579s025", "liquidsolid": "liquid", "n_clones": 3, "n_samples": 2, "mixture_id": 5, "events_id": "A", "seed": 0, "error": 0.7001474418467529, "precision": 0.25226111228253706, "recall": 0.2150918528308551, "accuracy": 0.2150918528308551, "error_mirrored": 0.6310957245327701, "precision_mirrored": 0.20698284107833115, "recall_mirrored": 0.0747235812081773, "accuracy_mirrored": 0.0747235812081773, "error_small": 0.6728891215908217, "precision_small": 0.17360740448736997, "recall_small": 0.10047726869636238, "accuracy_small": 0.10047726869636238, "method": "hatchet2"}