{"simkey": "s28037s025_liquid_2clones_purity4_eventsA_0", "dataset_id": "s28037s025", "liquidsolid": "liquid", "n_clones": 2, "n_samples": 2, "mixture_id": 4, "events_id": "A", "seed": 0, "error": 0.27363830324630817, "precision": 0.018479325016645193, "recall": 0.019151328461578875, "accuracy": 0.012543551159408015, "error_mirrored": 0.46013403872338066, "precision_mirrored": 0.21238236525328613, "recall_mirrored": 0.12673822531973342, "accuracy_mirrored": 0.11304019685767318, "error_small": 0.4063382587722195, "precision_small": 0.020444412183250885, "recall_small": 0.020444412183250885, "accuracy_small": 0.013629608122167252, "method": "hatchet2"}