{"simkey": "s28463s025_liquid_3clones_purity4_eventsA_0", "dataset_id": "s28463s025", "liquidsolid": "liquid", "n_clones": 3, "n_samples": 2, "mixture_id": 4, "events_id": "A", "seed": 0, "error": 0.35140808219201003, "precision": 0.03805186563893346, "recall": 0.018988152117829133, "accuracy": 0.018988152117829133, "error_mirrored": 0.5109784296299008, "precision_mirrored": 0.0747840755626487, "recall_mirrored": 0.02492802518754957, "accuracy_mirrored": 0.02492802518754957, "error_small": 0.4325467318828775, "precision_small": 0.05997016927406068, "recall_small": 0.03417659323195358, "accuracy_small": 0.03417659323195358, "method": "hatchet2"}