{"simkey": "s14855s025_liquid_2clones_purity5_eventsA_0", "dataset_id": "s14855s025", "liquidsolid": "liquid", "n_clones": 2, "n_samples": 2, "mixture_id": 5, "events_id": "A", "seed": 0, "error": 0.5641360339219454, "precision": 0.4175708572552383, "recall": 0.5642824147891604, "accuracy": 0.3783771708431659, "error_mirrored": 0.5329013179765923, "precision_mirrored": 0.023254524047805473, "recall_mirrored": 0.023254524047805473, "accuracy_mirrored": 0.01550301603187032, "error_small": 0.5661393330763566, "precision_small": 0.2909128655836922, "recall_small": 0.34223964482570673, "accuracy_small": 0.23335332337703657, "method": "hatchet2"}