{"simkey": "s25177s025_liquid_3clones_purity2_eventsA_0", "dataset_id": "s25177s025", "liquidsolid": "liquid", "n_clones": 3, "n_samples": 2, "mixture_id": 2, "events_id": "A", "seed": 0, "error": 0.2894178052556011, "precision": 0.09801617857533161, "recall": 0.19468984416034738, "accuracy": 0.0975683688569809, "error_mirrored": 0.3613392101923309, "precision_mirrored": 0.015879668564909712, "recall_mirrored": 0.015814231909013904, "accuracy_mirrored": 0.010553727381991906, "error_small": 0.38663106512087353, "precision_small": 0.026353639206016986, "recall_small": 0.04096227492790535, "accuracy_small": 0.022432271161768987, "method": "hatchet2"}