{"simkey": "s20410s025_liquid_3clones_purity5_eventsA_0", "dataset_id": "s20410s025", "liquidsolid": "liquid", "n_clones": 3, "n_samples": 2, "mixture_id": 5, "events_id": "A", "seed": 0, "error": 0.360643204593871, "precision": 0.2009843729951229, "recall": 0.13889571707773274, "accuracy": 0.13889571707773274, "error_mirrored": 0.622897737579547, "precision_mirrored": 0.04382939317375718, "recall_mirrored": 0.014609797724585741, "accuracy_mirrored": 0.014609797724585741, "error_small": 0.5433104486001815, "precision_small": 0.019303801511677442, "recall_small": 0.009275052487231457, "accuracy_small": 0.009275052487231457, "method": "hatchet2"}