{"simkey": "s24913s025_liquid_3clones_purity6_eventsA_0", "dataset_id": "s24913s025", "liquidsolid": "liquid", "n_clones": 3, "n_samples": 2, "mixture_id": 6, "events_id": "A", "seed": 0, "error": 0.7596644665501119, "precision": 0.47206329364835126, "recall": 0.3524860377627906, "accuracy": 0.3524860377627906, "error_mirrored": 0.73399414015493, "precision_mirrored": 0.2841062051925886, "recall_mirrored": 0.10594372442530887, "accuracy_mirrored": 0.10594372442530887, "error_small": 0.7401154332516588, "precision_small": 0.3729075670973728, "recall_small": 0.19522462540592916, "accuracy_small": 0.19522462540592916, "method": "hatchet2"}