{"simkey": "s21221s025_liquid_2clones_purity6_eventsA_0", "dataset_id": "s21221s025", "liquidsolid": "liquid", "n_clones": 2, "n_samples": 2, "mixture_id": 6, "events_id": "A", "seed": 0, "error": 0.6479483785776451, "precision": 0.3163611793115453, "recall": 0.20818580142732654, "accuracy": 0.20818580142732654, "error_mirrored": 0.6114430382446671, "precision_mirrored": 0.1392196470542225, "recall_mirrored": 0.06960982352711124, "accuracy_mirrored": 0.06960982352711124, "error_small": 0.6389144244936893, "precision_small": 0.20122851777835146, "recall_small": 0.11548963552370009, "accuracy_small": 0.11548963552370009, "method": "hatchet2"}