{"simkey": "s12680s025_liquid_2clones_purity6_eventsA_0", "dataset_id": "s12680s025", "liquidsolid": "liquid", "n_clones": 2, "n_samples": 2, "mixture_id": 6, "events_id": "A", "seed": 0, "error": 0.32764665915195773, "precision": 0.06629935611087183, "recall": 0.0615409295736144, "accuracy": 0.0615409295736144, "error_mirrored": 0.6225057082254117, "precision_mirrored": 0.0, "recall_mirrored": 0.0, "accuracy_mirrored": 0.0, "error_small": 0.4935066062539672, "precision_small": 0.0798824739846966, "recall_small": 0.06316559195310491, "accuracy_small": 0.06316559195310491, "method": "hatchet2"}