{"simkey": "s31165s025_liquid_2clones_purity1_eventsA_0", "dataset_id": "s31165s025", "liquidsolid": "liquid", "n_clones": 2, "n_samples": 2, "mixture_id": 1, "events_id": "A", "seed": 0, "error": 0.6111808978064265, "precision": 0.30800535479997243, "recall": 0.500123528129907, "accuracy": 0.2839654074897278, "error_mirrored": 0.5713621640010936, "precision_mirrored": 0.06620528470479124, "recall_mirrored": 0.07696107044904676, "accuracy_mirrored": 0.0617107996827676, "error_small": 0.5937905549433381, "precision_small": 0.3121463067725839, "recall_small": 0.46703319857790837, "accuracy_small": 0.27831925102208993, "method": "hatchet2"}