{"simkey": "s7517s025_liquid_3clones_purity2_eventsA_0", "dataset_id": "s7517s025", "liquidsolid": "liquid", "n_clones": 3, "n_samples": 2, "mixture_id": 2, "events_id": "A", "seed": 0, "error": 0.4589073881030155, "precision": 0.34315311889281674, "recall": 0.352050767598734, "accuracy": 0.23714708411483193, "error_mirrored": 0.43115633673210335, "precision_mirrored": 0.3232614693388736, "recall_mirrored": 0.13680245922604492, "accuracy_mirrored": 0.13316609234262627, "error_small": 0.45596515815893296, "precision_small": 0.21147124965191766, "recall_small": 0.2050299793255714, "accuracy_small": 0.1405786351597811, "method": "hatchet2"}