{"simkey": "s17334s025_liquid_3clones_purity6_eventsA_0", "dataset_id": "s17334s025", "liquidsolid": "liquid", "n_clones": 3, "n_samples": 2, "mixture_id": 6, "events_id": "A", "seed": 0, "error": 0.2932438444160328, "precision": 0.06643638496450419, "recall": 0.06084811544475322, "accuracy": 0.06084811544475322, "error_mirrored": 0.5914993221970652, "precision_mirrored": 0.07683446371340616, "recall_mirrored": 0.02579872126535959, "accuracy_mirrored": 0.02579872126535959, "error_small": 0.5471217673283667, "precision_small": 0.01356835971472653, "recall_small": 0.009020989548390647, "accuracy_small": 0.009020989548390647, "method": "hatchet2"}