{"simkey": "s14584s025_liquid_2clones_purity6_eventsA_0", "dataset_id": "s14584s025", "liquidsolid": "liquid", "n_clones": 2, "n_samples": 2, "mixture_id": 6, "events_id": "A", "seed": 0, "error": 0.37943362187446206, "precision": 0.09605893172992538, "recall": 0.07604481369034749, "accuracy": 0.07604481369034749, "error_mirrored": 0.5955695238431653, "precision_mirrored": 0.00029351570476149715, "recall_mirrored": 0.00014675785238074858, "accuracy_mirrored": 0.00014675785238074858, "error_small": 0.5109939041515547, "precision_small": 0.20684709191770845, "recall_small": 0.13025645391816815, "accuracy_small": 0.13025645391816815, "method": "hatchet2"}