{"simkey": "s8209s025_liquid_3clones_purity1_eventsA_0", "dataset_id": "s8209s025", "liquidsolid": "liquid", "n_clones": 3, "n_samples": 2, "mixture_id": 1, "events_id": "A", "seed": 0, "error": 0.7032585760905339, "precision": 0.5195309645465421, "recall": 0.6914737322175177, "accuracy": 0.4869883519922177, "error_mirrored": 0.6161528723329404, "precision_mirrored": 0.23429006441986103, "recall_mirrored": 0.18430440588529376, "accuracy_mirrored": 0.14605556749921222, "error_small": 0.6764834318822114, "precision_small": 0.40941124295200937, "recall_small": 0.5358650297429318, "accuracy_small": 0.3386269773147979, "method": "hatchet2"}