{"simkey": "s16924s025_liquid_2clones_purity2_eventsA_0", "dataset_id": "s16924s025", "liquidsolid": "liquid", "n_clones": 2, "n_samples": 2, "mixture_id": 2, "events_id": "A", "seed": 0, "error": 0.2757736962254848, "precision": 0.5217814285871075, "recall": 0.4811038358613955, "accuracy": 0.43469864364726496, "error_mirrored": 0.33593303234914046, "precision_mirrored": 0.007483825660884243, "recall_mirrored": 0.0071329338657507265, "accuracy_mirrored": 0.004872253175544991, "error_small": 0.3268375200281977, "precision_small": 0.3061152611140787, "recall_small": 0.30676617070696766, "accuracy_small": 0.23757521521930058, "method": "hatchet2"}