{"simkey": "s11992s025_liquid_3clones_purity3_eventsA_0", "dataset_id": "s11992s025", "liquidsolid": "liquid", "n_clones": 3, "n_samples": 2, "mixture_id": 3, "events_id": "A", "seed": 0, "error": 0.5136575930356693, "precision": 0.3814280716241658, "recall": 0.30588495028499085, "accuracy": 0.23763540481278264, "error_mirrored": 0.488116221429821, "precision_mirrored": 0.17157322245155734, "recall_mirrored": 0.09881869140504294, "accuracy_mirrored": 0.07807845333431224, "error_small": 0.4874741795655061, "precision_small": 0.2612626910928787, "recall_small": 0.264669042689927, "accuracy_small": 0.1816558629363219, "method": "hatchet2"}