{"simkey": "s13579s025_liquid_3clones_purity2_eventsA_0", "dataset_id": "s13579s025", "liquidsolid": "liquid", "n_clones": 3, "n_samples": 2, "mixture_id": 2, "events_id": "A", "seed": 0, "error": 0.3059320364852949, "precision": 0.43592964739157175, "recall": 0.47799580696689675, "accuracy": 0.3727884238454001, "error_mirrored": 0.43393863383762066, "precision_mirrored": 0.139097659746296, "recall_mirrored": 0.07823869279332074, "accuracy_mirrored": 0.0623094967161052, "error_small": 0.3699214677663443, "precision_small": 0.28686256219680417, "recall_small": 0.2638436838958372, "accuracy_small": 0.20323414561241276, "method": "hatchet2"}