{"simkey": "s4467s025_liquid_3clones_purity6_eventsA_0", "dataset_id": "s4467s025", "liquidsolid": "liquid", "n_clones": 3, "n_samples": 2, "mixture_id": 6, "events_id": "A", "seed": 0, "error": 0.4382089845096557, "precision": 0.10546314443153458, "recall": 0.0739747464516841, "accuracy": 0.0739747464516841, "error_mirrored": 0.6498419854212791, "precision_mirrored": 0.303088630184413, "recall_mirrored": 0.13180494081429306, "accuracy_mirrored": 0.13180494081429306, "error_small": 0.5798002254587722, "precision_small": 0.061721037382897186, "recall_small": 0.03050673383952969, "accuracy_small": 0.03050673383952969, "method": "hatchet2"}