{"simkey": "s27871s025_liquid_2clones_purity4_eventsA_0", "dataset_id": "s27871s025", "liquidsolid": "liquid", "n_clones": 2, "n_samples": 2, "mixture_id": 4, "events_id": "A", "seed": 0, "error": 0.46348213380922676, "precision": 0.3550917449743582, "recall": 0.34669328266103483, "accuracy": 0.2900727124302964, "error_mirrored": 0.44230387647994734, "precision_mirrored": 0.01879167792805118, "recall_mirrored": 0.01869332626873085, "accuracy_mirrored": 0.012495001398927329, "error_small": 0.4660966482262743, "precision_small": 0.19201282372197673, "recall_small": 0.22347830978050137, "accuracy_small": 0.14830170822219935, "method": "hatchet2"}