{"simkey": "s28922s025_liquid_3clones_purity5_eventsA_0", "dataset_id": "s28922s025", "liquidsolid": "liquid", "n_clones": 3, "n_samples": 2, "mixture_id": 5, "events_id": "A", "seed": 0, "error": 0.3225671770279883, "precision": 0.07386573782253057, "recall": 0.06861542916707995, "accuracy": 0.06861542916707995, "error_mirrored": 0.5397596815563419, "precision_mirrored": 0.001008076499064065, "recall_mirrored": 0.00033602549968802153, "accuracy_mirrored": 0.00033602549968802153, "error_small": 0.5655618286072854, "precision_small": 0.03784550296301853, "recall_small": 0.029780951666541645, "accuracy_small": 0.029780951666541645, "method": "hatchet2"}