{"simkey": "s28104s025_liquid_2clones_purity1_eventsA_0", "dataset_id": "s28104s025", "liquidsolid": "liquid", "n_clones": 2, "n_samples": 2, "mixture_id": 1, "events_id": "A", "seed": 0, "error": 0.7424435781123386, "precision": 0.033746407425460735, "recall": 0.04595826236279104, "accuracy": 0.02454109273631078, "error_mirrored": 0.5921408423011277, "precision_mirrored": 0.10408975579925109, "recall_mirrored": 0.1561346336988765, "accuracy_mirrored": 0.07807784653503912, "error_small": 0.6785755110146617, "precision_small": 0.029326850797872554, "recall_small": 0.03510870919685785, "accuracy_small": 0.0206663440394057, "method": "hatchet2"}