{"simkey": "s22122s025_liquid_2clones_purity4_eventsA_0", "dataset_id": "s22122s025", "liquidsolid": "liquid", "n_clones": 2, "n_samples": 2, "mixture_id": 4, "events_id": "A", "seed": 0, "error": 0.29453372498555536, "precision": 0.13893662565380518, "recall": 0.20213739764572378, "accuracy": 0.12039774322801536, "error_mirrored": 0.4576567557991326, "precision_mirrored": 0.25253152987054145, "recall_mirrored": 0.127777590210634, "accuracy_mirrored": 0.12676970669372514, "error_small": 0.3679145477750928, "precision_small": 0.09020059570711851, "recall_small": 0.14259591998133445, "accuracy_small": 0.07759883856281767, "method": "hatchet2"}