{"simkey": "s28463s025_liquid_3clones_purity1_eventsA_0", "dataset_id": "s28463s025", "liquidsolid": "liquid", "n_clones": 3, "n_samples": 2, "mixture_id": 1, "events_id": "A", "seed": 0, "error": 0.7451173550564139, "precision": 0.4834105832925549, "recall": 0.6890639006218224, "accuracy": 0.4493875698112254, "error_mirrored": 0.6538049169207507, "precision_mirrored": 0.33737151507313246, "recall_mirrored": 0.3155054785531633, "accuracy_mirrored": 0.254477115360529, "error_small": 0.6940215305465463, "precision_small": 0.3972446831140825, "recall_small": 0.4933709274273476, "accuracy_small": 0.330470123186409, "method": "hatchet2"}