{"simkey": "s19383s025_liquid_2clones_purity3_eventsA_0", "dataset_id": "s19383s025", "liquidsolid": "liquid", "n_clones": 2, "n_samples": 2, "mixture_id": 3, "events_id": "A", "seed": 0, "error": 0.27362312993887006, "precision": 0.22117991731330666, "recall": 0.26531777938608636, "accuracy": 0.19314639471978037, "error_mirrored": 0.39502256941074115, "precision_mirrored": 0.002783315996636706, "recall_mirrored": 0.002783315996636706, "accuracy_mirrored": 0.001855543997757804, "error_small": 0.369334136768648, "precision_small": 0.09458819867095282, "recall_small": 0.11682887564641754, "accuracy_small": 0.07608108966621352, "method": "hatchet2"}