{"simkey": "s23465s025_liquid_2clones_purity6_eventsA_0", "dataset_id": "s23465s025", "liquidsolid": "liquid", "n_clones": 2, "n_samples": 2, "mixture_id": 6, "events_id": "A", "seed": 0, "error": 0.49892210722456604, "precision": 0.4899201925133938, "recall": 0.4035028567043965, "accuracy": 0.4035028567043965, "error_mirrored": 0.5944863611601271, "precision_mirrored": 0.00046089794992941826, "recall_mirrored": 0.00023044897496470913, "accuracy_mirrored": 0.00023044897496470913, "error_small": 0.5347795311244735, "precision_small": 0.24080750067331, "recall_small": 0.1424770401292755, "accuracy_small": 0.1424770401292755, "method": "hatchet2"}