{"simkey": "s25177s025_liquid_3clones_purity1_eventsA_0", "dataset_id": "s25177s025", "liquidsolid": "liquid", "n_clones": 3, "n_samples": 2, "mixture_id": 1, "events_id": "A", "seed": 0, "error": 0.7274031158226926, "precision": 0.5547945157473416, "recall": 0.8070322151348873, "accuracy": 0.5352398614777754, "error_mirrored": 0.6725347587499085, "precision_mirrored": 0.3217789087161432, "recall_mirrored": 0.36061904468773276, "accuracy_mirrored": 0.2267085349027427, "error_small": 0.7706730550134006, "precision_small": 0.40928340998163665, "recall_small": 0.5328300469758482, "accuracy_small": 0.34578217606870204, "method": "hatchet2"}