{"simkey": "s16924s025_liquid_2clones_purity6_eventsA_0", "dataset_id": "s16924s025", "liquidsolid": "liquid", "n_clones": 2, "n_samples": 2, "mixture_id": 6, "events_id": "A", "seed": 0, "error": 0.38489843750355995, "precision": 0.508627144411703, "recall": 0.46853234030590446, "accuracy": 0.42669992410240426, "error_mirrored": 0.46868654135258675, "precision_mirrored": 0.0074558621238599255, "recall_mirrored": 0.0074558621238599255, "accuracy_mirrored": 0.00497057474923995, "error_small": 0.4493199071516781, "precision_small": 0.3002788912160876, "recall_small": 0.3092410493277399, "accuracy_small": 0.23432298378263253, "method": "hatchet2"}