{"simkey": "s12680s025_liquid_2clones_purity4_eventsA_0", "dataset_id": "s12680s025", "liquidsolid": "liquid", "n_clones": 2, "n_samples": 2, "mixture_id": 4, "events_id": "A", "seed": 0, "error": 0.3123822481417967, "precision": 0.08865123056058578, "recall": 0.14639599805348225, "accuracy": 0.07908478005904318, "error_mirrored": 0.43666387640542403, "precision_mirrored": 0.2690387906820283, "recall_mirrored": 0.2690387906820283, "accuracy_mirrored": 0.1793591937880188, "error_small": 0.40273621676769583, "precision_small": 0.0836257021457136, "recall_small": 0.07972271136521317, "accuracy_small": 0.06061348551601887, "method": "hatchet2"}