{"simkey": "s24417s025_liquid_3clones_purity4_eventsA_0", "dataset_id": "s24417s025", "liquidsolid": "liquid", "n_clones": 3, "n_samples": 2, "mixture_id": 4, "events_id": "A", "seed": 0, "error": 0.323263743307379, "precision": 0.09894989959006996, "recall": 0.07824374075834076, "accuracy": 0.07824374075834076, "error_mirrored": 0.5670615459600427, "precision_mirrored": 0.10355710400207227, "recall_mirrored": 0.03457229309674913, "accuracy_mirrored": 0.03457229309674913, "error_small": 0.4202262851194819, "precision_small": 0.19233957034427124, "recall_small": 0.11072089038798269, "accuracy_small": 0.11072089038798269, "method": "hatchet2"}