{"simkey": "s11992s025_liquid_3clones_purity4_eventsA_0", "dataset_id": "s11992s025", "liquidsolid": "liquid", "n_clones": 3, "n_samples": 2, "mixture_id": 4, "events_id": "A", "seed": 0, "error": 0.6688761777011101, "precision": 0.24290173020779984, "recall": 0.1313753928658612, "accuracy": 0.1313753928658612, "error_mirrored": 0.6564742368402409, "precision_mirrored": 0.0903818472970802, "recall_mirrored": 0.030947175283484923, "accuracy_mirrored": 0.030947175283484923, "error_small": 0.6424634635744008, "precision_small": 0.10139590006960154, "recall_small": 0.049753298220439064, "accuracy_small": 0.049753298220439064, "method": "hatchet2"}