{"simkey": "s23587s025_liquid_3clones_purity5_eventsA_0", "dataset_id": "s23587s025", "liquidsolid": "liquid", "n_clones": 3, "n_samples": 2, "mixture_id": 5, "events_id": "A", "seed": 0, "error": 0.6674753861830761, "precision": 0.4114702586655954, "recall": 0.38736878156863236, "accuracy": 0.3141081838267186, "error_mirrored": 0.6463739652649356, "precision_mirrored": 0.260223960010893, "recall_mirrored": 0.1480176188208717, "accuracy_mirrored": 0.11816792558475751, "error_small": 0.6546918124308316, "precision_small": 0.3202946430709201, "recall_small": 0.29788119703689375, "accuracy_small": 0.23097355951047732, "method": "hatchet2"}