{"simkey": "s7517s025_liquid_3clones_purity6_eventsA_0", "dataset_id": "s7517s025", "liquidsolid": "liquid", "n_clones": 3, "n_samples": 2, "mixture_id": 6, "events_id": "A", "seed": 0, "error": 0.799552406304965, "precision": 0.17652083186062315, "recall": 0.09399610556519936, "accuracy": 0.09399610556519936, "error_mirrored": 0.786813500000005, "precision_mirrored": 0.2016895210847054, "recall_mirrored": 0.06728353112760665, "accuracy_mirrored": 0.06728353112760665, "error_small": 0.8031228349951948, "precision_small": 0.09524165595087558, "recall_small": 0.04001706678693808, "accuracy_small": 0.04001706678693808, "method": "hatchet2"}