{"simkey": "s13579s025_liquid_3clones_purity6_eventsA_0", "dataset_id": "s13579s025", "liquidsolid": "liquid", "n_clones": 3, "n_samples": 2, "mixture_id": 6, "events_id": "A", "seed": 0, "error": 0.7612183016214343, "precision": 0.27677002492362485, "recall": 0.2324297073521396, "accuracy": 0.2324297073521396, "error_mirrored": 0.6944134471464394, "precision_mirrored": 0.2027443919812486, "recall_mirrored": 0.07425928131820474, "accuracy_mirrored": 0.07425928131820474, "error_small": 0.733612546637452, "precision_small": 0.19321107032481766, "recall_small": 0.11296867591678124, "accuracy_small": 0.11296867591678124, "method": "hatchet2"}