{"simkey": "s4467s025_liquid_3clones_purity5_eventsA_0", "dataset_id": "s4467s025", "liquidsolid": "liquid", "n_clones": 3, "n_samples": 2, "mixture_id": 5, "events_id": "A", "seed": 0, "error": 0.4079904419728415, "precision": 0.10905443672263347, "recall": 0.04980139333565649, "accuracy": 0.04980139333565649, "error_mirrored": 0.5843998172547865, "precision_mirrored": 0.2710474646545709, "recall_mirrored": 0.11939301534072987, "accuracy_mirrored": 0.11939301534072987, "error_small": 0.5349957906706608, "precision_small": 0.01900023068562809, "recall_small": 0.007205091532446353, "accuracy_small": 0.007205091532446353, "method": "hatchet2"}