{"simkey": "s83678s025_liquid_2clones_purity1_eventsA_0", "dataset_id": "s83678s025", "liquidsolid": "liquid", "n_clones": 2, "n_samples": 2, "mixture_id": 1, "events_id": "A", "seed": 0, "error": 0.7819172811140369, "precision": 0.058589189061670585, "recall": 0.11247720620289099, "accuracy": 0.057250695897072046, "error_mirrored": 0.5320746773448806, "precision_mirrored": 0.003239693824182618, "recall_mirrored": 0.0032586792508613916, "accuracy_mirrored": 0.0031847127465710412, "error_small": 0.6831323496920727, "precision_small": 0.06449432975956353, "recall_small": 0.0678863212259452, "accuracy_small": 0.05084222405091935, "method": "hatchet2"}