{"simkey": "s2426s025_liquid_2clones_purity1_eventsA_0", "dataset_id": "s2426s025", "liquidsolid": "liquid", "n_clones": 2, "n_samples": 2, "mixture_id": 1, "events_id": "A", "seed": 0, "error": 0.5650493757183157, "precision": 0.37670960291650174, "recall": 0.4103353557236199, "accuracy": 0.3151783257992324, "error_mirrored": 0.6088200389280105, "precision_mirrored": 0.0428239235625962, "recall_mirrored": 0.04276814548392565, "accuracy_mirrored": 0.028530689682173958, "error_small": 0.5842641666579523, "precision_small": 0.20967993445013253, "recall_small": 0.2190733947241578, "accuracy_small": 0.1553156870721391, "method": "hatchet2"}