{"simkey": "s23587s025_liquid_3clones_purity3_eventsA_0", "dataset_id": "s23587s025", "liquidsolid": "liquid", "n_clones": 3, "n_samples": 2, "mixture_id": 3, "events_id": "A", "seed": 0, "error": 0.3648128257570918, "precision": 0.5217816714003105, "recall": 0.49166811863758747, "accuracy": 0.3460925102660283, "error_mirrored": 0.3769473728672006, "precision_mirrored": 0.3440321302716356, "recall_mirrored": 0.19089263185300265, "accuracy_mirrored": 0.1610135753290402, "error_small": 0.3878301863644419, "precision_small": 0.3354666394650677, "recall_small": 0.32234651751636845, "accuracy_small": 0.21652222391165551, "method": "hatchet2"}