{"simkey": "s17334s025_liquid_3clones_purity4_eventsA_0", "dataset_id": "s17334s025", "liquidsolid": "liquid", "n_clones": 3, "n_samples": 2, "mixture_id": 4, "events_id": "A", "seed": 0, "error": 0.2358882559332818, "precision": 0.058029753613333145, "recall": 0.04204117489416635, "accuracy": 0.04204117489416635, "error_mirrored": 0.5239675580492057, "precision_mirrored": 0.07645738764021696, "recall_mirrored": 0.025545402279690554, "accuracy_mirrored": 0.025545402279690554, "error_small": 0.4601160998089856, "precision_small": 0.07280005237661585, "recall_small": 0.036992821280612175, "accuracy_small": 0.036992821280612175, "method": "hatchet2"}