{"simkey": "s24250s025_liquid_3clones_purity3_eventsA_0", "dataset_id": "s24250s025", "liquidsolid": "liquid", "n_clones": 3, "n_samples": 2, "mixture_id": 3, "events_id": "A", "seed": 0, "error": 0.5706576649847893, "precision": 0.4212863753742487, "recall": 0.3118720963231208, "accuracy": 0.3118720963231208, "error_mirrored": 0.5489376902314097, "precision_mirrored": 0.11853438282999074, "recall_mirrored": 0.03955024626544603, "accuracy_mirrored": 0.03955024626544603, "error_small": 0.5666855915047475, "precision_small": 0.30951790934116113, "recall_small": 0.17525383611548462, "accuracy_small": 0.17525383611548462, "method": "hatchet2"}