{"simkey": "s24417s025_liquid_3clones_purity1_eventsA_0", "dataset_id": "s24417s025", "liquidsolid": "liquid", "n_clones": 3, "n_samples": 2, "mixture_id": 1, "events_id": "A", "seed": 0, "error": 0.7428706351345848, "precision": 0.5377159604407139, "recall": 0.6192385130491985, "accuracy": 0.4598581132821482, "error_mirrored": 0.7335253820739854, "precision_mirrored": 0.1448054238596356, "recall_mirrored": 0.12903875201855916, "accuracy_mirrored": 0.0831732126186609, "error_small": 0.7229712616717524, "precision_small": 0.42394907478103633, "recall_small": 0.4547826471163559, "accuracy_small": 0.3348957547529808, "method": "hatchet2"}