{"simkey": "s2426s025_liquid_2clones_purity3_eventsA_0", "dataset_id": "s2426s025", "liquidsolid": "liquid", "n_clones": 2, "n_samples": 2, "mixture_id": 3, "events_id": "A", "seed": 0, "error": 0.30363252672079966, "precision": 0.12850722013275584, "recall": 0.1178529757411232, "accuracy": 0.1178529757411232, "error_mirrored": 0.48326278290533975, "precision_mirrored": 0.018520098857301485, "recall_mirrored": 0.009260049428650743, "accuracy_mirrored": 0.009260049428650743, "error_small": 0.41346146336911827, "precision_small": 0.11085065939725554, "recall_small": 0.07233019421827586, "accuracy_small": 0.07233019421827586, "method": "hatchet2"}