{"simkey": "s83678s025_liquid_2clones_purity4_eventsA_0", "dataset_id": "s83678s025", "liquidsolid": "liquid", "n_clones": 2, "n_samples": 2, "mixture_id": 4, "events_id": "A", "seed": 0, "error": 0.549417450019218, "precision": 0.3546941245798016, "recall": 0.3153028978428328, "accuracy": 0.3153028978428328, "error_mirrored": 0.47638946032627777, "precision_mirrored": 0.000626688162854144, "recall_mirrored": 0.000313344081427072, "accuracy_mirrored": 0.000313344081427072, "error_small": 0.522944879659972, "precision_small": 0.2272090568779885, "recall_small": 0.14677237017252184, "accuracy_small": 0.14677237017252184, "method": "hatchet2"}