{"simkey": "s24417s025_liquid_3clones_purity6_eventsA_0", "dataset_id": "s24417s025", "liquidsolid": "liquid", "n_clones": 3, "n_samples": 2, "mixture_id": 6, "events_id": "A", "seed": 0, "error": 0.38364134463467287, "precision": 0.0702675058815478, "recall": 0.05702409698507745, "accuracy": 0.05702409698507745, "error_mirrored": 0.71012368996608, "precision_mirrored": 0.10004611243748261, "recall_mirrored": 0.03334870414582757, "accuracy_mirrored": 0.03334870414582757, "error_small": 0.5167929020511494, "precision_small": 0.0825101008618355, "recall_small": 0.05429836469261862, "accuracy_small": 0.05429836469261862, "method": "hatchet2"}