{"simkey": "s28922s025_liquid_3clones_purity6_eventsA_0", "dataset_id": "s28922s025", "liquidsolid": "liquid", "n_clones": 3, "n_samples": 2, "mixture_id": 6, "events_id": "A", "seed": 0, "error": 0.3557567645438551, "precision": 0.10558291814911519, "recall": 0.09014131043762286, "accuracy": 0.09014131043762286, "error_mirrored": 0.5583482644997567, "precision_mirrored": 0.04679045570522023, "recall_mirrored": 0.02108112564318616, "accuracy_mirrored": 0.02108112564318616, "error_small": 0.6097323014424146, "precision_small": 0.06547065079008463, "recall_small": 0.03168365660650541, "accuracy_small": 0.03168365660650541, "method": "hatchet2"}