{"simkey": "s23587s025_liquid_3clones_purity6_eventsA_0", "dataset_id": "s23587s025", "liquidsolid": "liquid", "n_clones": 3, "n_samples": 2, "mixture_id": 6, "events_id": "A", "seed": 0, "error": 0.7277177228609074, "precision": 0.38272570898148417, "recall": 0.3456280258452352, "accuracy": 0.27887226299563306, "error_mirrored": 0.7004250830184142, "precision_mirrored": 0.2614704278575714, "recall_mirrored": 0.13008321594706357, "accuracy_mirrored": 0.10864770410022853, "error_small": 0.7284044651573897, "precision_small": 0.26874349627993516, "recall_small": 0.2455446158413047, "accuracy_small": 0.1847802233499391, "method": "hatchet2"}