{"simkey": "s4467s025_liquid_3clones_purity3_eventsA_0", "dataset_id": "s4467s025", "liquidsolid": "liquid", "n_clones": 3, "n_samples": 2, "mixture_id": 3, "events_id": "A", "seed": 0, "error": 0.3781041725430801, "precision": 0.0895471139088122, "recall": 0.10910705290151085, "accuracy": 0.0649989781011586, "error_mirrored": 0.3859895660943699, "precision_mirrored": 0.1478266907480596, "recall_mirrored": 0.12767962212879147, "accuracy_mirrored": 0.088477592855739, "error_small": 0.4000552324100286, "precision_small": 0.0436257857843963, "recall_small": 0.03954534098475017, "accuracy_small": 0.025996309505419476, "method": "hatchet2"}