{"simkey": "s24417s025_liquid_3clones_purity5_eventsA_0", "dataset_id": "s24417s025", "liquidsolid": "liquid", "n_clones": 3, "n_samples": 2, "mixture_id": 5, "events_id": "A", "seed": 0, "error": 0.3573314670733851, "precision": 0.10615794872695117, "recall": 0.08600576142444613, "accuracy": 0.08600576142444613, "error_mirrored": 0.6231349705564858, "precision_mirrored": 0.10105904798861726, "recall_mirrored": 0.03383474755314103, "accuracy_mirrored": 0.03383474755314103, "error_small": 0.46178437857808424, "precision_small": 0.1825503154332912, "recall_small": 0.10633210664644831, "accuracy_small": 0.10633210664644831, "method": "hatchet2"}