{"simkey": "s20410s025_liquid_3clones_purity2_eventsA_0", "dataset_id": "s20410s025", "liquidsolid": "liquid", "n_clones": 3, "n_samples": 2, "mixture_id": 2, "events_id": "A", "seed": 0, "error": 0.23849768146787353, "precision": 0.529979878049359, "recall": 0.5370867320229635, "accuracy": 0.43988504521264704, "error_mirrored": 0.4092725290458709, "precision_mirrored": 0.1528181102829637, "recall_mirrored": 0.09957287170956682, "accuracy_mirrored": 0.07525612090194386, "error_small": 0.35282173423053803, "precision_small": 0.3085925202280222, "recall_small": 0.24034545081477673, "accuracy_small": 0.18877161826853858, "method": "hatchet2"}