{"simkey": "s28104s025_liquid_2clones_purity6_eventsA_0", "dataset_id": "s28104s025", "liquidsolid": "liquid", "n_clones": 2, "n_samples": 2, "mixture_id": 6, "events_id": "A", "seed": 0, "error": 0.6153831514111348, "precision": 0.28724725660379974, "recall": 0.3222947472102268, "accuracy": 0.215767006206875, "error_mirrored": 0.5680998104656554, "precision_mirrored": 0.015483893433882142, "recall_mirrored": 0.015483893433882142, "accuracy_mirrored": 0.010322595622588096, "error_small": 0.5990831663250028, "precision_small": 0.14260188050968564, "recall_small": 0.15066067752229925, "accuracy_small": 0.104874314213093, "method": "hatchet2"}