{"simkey": "s27871s025_liquid_2clones_purity5_eventsA_0", "dataset_id": "s27871s025", "liquidsolid": "liquid", "n_clones": 2, "n_samples": 2, "mixture_id": 5, "events_id": "A", "seed": 0, "error": 0.5184622594014023, "precision": 0.2900160806149874, "recall": 0.28283883433559054, "accuracy": 0.24091602829309144, "error_mirrored": 0.48998505369281226, "precision_mirrored": 0.02124909460951822, "recall_mirrored": 0.021112586040810177, "accuracy_mirrored": 0.014120560216776124, "error_small": 0.518088134024576, "precision_small": 0.225483896197231, "recall_small": 0.22700942487042272, "accuracy_small": 0.1648135952601401, "method": "hatchet2"}