{"simkey": "s7517s025_liquid_3clones_purity3_eventsA_0", "dataset_id": "s7517s025", "liquidsolid": "liquid", "n_clones": 3, "n_samples": 2, "mixture_id": 3, "events_id": "A", "seed": 0, "error": 0.5152763073784373, "precision": 0.32244944556900224, "recall": 0.33207542480637914, "accuracy": 0.2214259339971618, "error_mirrored": 0.486549577688464, "precision_mirrored": 0.28336957376295174, "recall_mirrored": 0.11589693374058371, "accuracy_mirrored": 0.11317662879014051, "error_small": 0.5132983400269713, "precision_small": 0.18470969298711898, "recall_small": 0.16800472604279218, "accuracy_small": 0.11381260318780932, "method": "hatchet2"}