{"simkey": "s24250s025_liquid_3clones_purity1_eventsA_0", "dataset_id": "s24250s025", "liquidsolid": "liquid", "n_clones": 3, "n_samples": 2, "mixture_id": 1, "events_id": "A", "seed": 0, "error": 0.9859966175368727, "precision": 0.12521648616189177, "recall": 0.16304873232426625, "accuracy": 0.09951162037695106, "error_mirrored": 0.7901014794495386, "precision_mirrored": 0.041690394991997254, "recall_mirrored": 0.029965024274561138, "accuracy_mirrored": 0.021930911302613442, "error_small": 0.8930026500660363, "precision_small": 0.10662905743075755, "recall_small": 0.13944701742482496, "accuracy_small": 0.0827890475213286, "method": "hatchet2"}