{"simkey": "s12680s025_liquid_2clones_purity3_eventsA_0", "dataset_id": "s12680s025", "liquidsolid": "liquid", "n_clones": 2, "n_samples": 2, "mixture_id": 3, "events_id": "A", "seed": 0, "error": 0.28354868979164305, "precision": 0.0899389941656585, "recall": 0.13724290664937697, "accuracy": 0.0830324935440914, "error_mirrored": 0.4086951850058684, "precision_mirrored": 0.029785490976186435, "recall_mirrored": 0.029667967661926482, "accuracy_mirrored": 0.019817819546037643, "error_small": 0.37413117402148915, "precision_small": 0.07623627004322998, "recall_small": 0.09765114842721856, "accuracy_small": 0.05796247282348282, "method": "hatchet2"}