{"simkey": "s13579s025_liquid_3clones_purity1_eventsA_0", "dataset_id": "s13579s025", "liquidsolid": "liquid", "n_clones": 3, "n_samples": 2, "mixture_id": 1, "events_id": "A", "seed": 0, "error": 0.813445962679845, "precision": 0.45316097166905417, "recall": 0.49451489909460783, "accuracy": 0.3864346147521117, "error_mirrored": 0.7418878000162809, "precision_mirrored": 0.22019278133361614, "recall_mirrored": 0.14850659580185802, "accuracy_mirrored": 0.12348669448625971, "error_small": 0.8051440912343618, "precision_small": 0.3221660998478828, "recall_small": 0.289166406275284, "accuracy_small": 0.21728293881975716, "method": "hatchet2"}