{"simkey": "s21221s025_liquid_2clones_purity2_eventsA_0", "dataset_id": "s21221s025", "liquidsolid": "liquid", "n_clones": 2, "n_samples": 2, "mixture_id": 2, "events_id": "A", "seed": 0, "error": 0.29335107546723105, "precision": 0.4440759988712414, "recall": 0.45378165529413217, "accuracy": 0.3512253749391494, "error_mirrored": 0.46068201625867505, "precision_mirrored": 0.0004726368374729426, "recall_mirrored": 0.0004726368374729426, "accuracy_mirrored": 0.0003150912249819617, "error_small": 0.3658906809790188, "precision_small": 0.25508962274381397, "recall_small": 0.2683671754434578, "accuracy_small": 0.19390367772395284, "method": "hatchet2"}