{"simkey": "s27871s025_liquid_2clones_purity3_eventsA_0", "dataset_id": "s27871s025", "liquidsolid": "liquid", "n_clones": 2, "n_samples": 2, "mixture_id": 3, "events_id": "A", "seed": 0, "error": 0.42402955492565747, "precision": 0.3469570741035528, "recall": 0.3508148988472038, "accuracy": 0.28108411346364887, "error_mirrored": 0.40217957024629825, "precision_mirrored": 0.04432658385979321, "recall_mirrored": 0.0346127436327554, "accuracy_mirrored": 0.026313109164182894, "error_small": 0.4276146740850571, "precision_small": 0.19683149294064084, "recall_small": 0.2344752615518373, "accuracy_small": 0.1613960727733579, "method": "hatchet2"}