{"simkey": "s24913s025_liquid_3clones_purity3_eventsA_0", "dataset_id": "s24913s025", "liquidsolid": "liquid", "n_clones": 3, "n_samples": 2, "mixture_id": 3, "events_id": "A", "seed": 0, "error": 0.5768835531324465, "precision": 0.4600370662225215, "recall": 0.308266832644097, "accuracy": 0.308266832644097, "error_mirrored": 0.543326395859953, "precision_mirrored": 0.298508124967426, "recall_mirrored": 0.1108646922908957, "accuracy_mirrored": 0.1108646922908957, "error_small": 0.5553808812878337, "precision_small": 0.3883102157935885, "recall_small": 0.19275037927162222, "accuracy_small": 0.19275037927162222, "method": "hatchet2"}