{"simkey": "s7517s025_liquid_3clones_purity1_eventsA_0", "dataset_id": "s7517s025", "liquidsolid": "liquid", "n_clones": 3, "n_samples": 2, "mixture_id": 1, "events_id": "A", "seed": 0, "error": 0.8389190748908071, "precision": 0.42751100468324776, "recall": 0.39404333311508166, "accuracy": 0.30483116326607207, "error_mirrored": 0.6827809775004554, "precision_mirrored": 0.3017238631896226, "recall_mirrored": 0.1269904331147091, "accuracy_mirrored": 0.12175846723101927, "error_small": 0.7572773034814873, "precision_small": 0.29870184377793785, "recall_small": 0.2635875182913893, "accuracy_small": 0.204042097227069, "method": "hatchet2"}