{"simkey": "s12680s025_liquid_2clones_purity1_eventsA_0", "dataset_id": "s12680s025", "liquidsolid": "liquid", "n_clones": 2, "n_samples": 2, "mixture_id": 1, "events_id": "A", "seed": 0, "error": 0.5235060157168216, "precision": 0.452312303120891, "recall": 0.7327629482580319, "accuracy": 0.4157371815021449, "error_mirrored": 0.570148823644047, "precision_mirrored": 0.3315646513035648, "recall_mirrored": 0.3488792303700054, "accuracy_mirrored": 0.24310907628855097, "error_small": 0.6008014140630659, "precision_small": 0.289279535302935, "recall_small": 0.4188398030372486, "accuracy_small": 0.23658674532742877, "method": "hatchet2"}