{"simkey": "s23587s025_liquid_3clones_purity2_eventsA_0", "dataset_id": "s23587s025", "liquidsolid": "liquid", "n_clones": 3, "n_samples": 2, "mixture_id": 2, "events_id": "A", "seed": 0, "error": 0.4029616032939116, "precision": 0.47813033783718406, "recall": 0.4544613871660992, "accuracy": 0.3601611047547235, "error_mirrored": 0.380245364099891, "precision_mirrored": 0.29759584766417224, "recall_mirrored": 0.19110774436404993, "accuracy_mirrored": 0.14909210482477148, "error_small": 0.4035159278810828, "precision_small": 0.39269430743232625, "recall_small": 0.32768811844882806, "accuracy_small": 0.2671033754414456, "method": "hatchet2"}