{"simkey": "s30813s025_liquid_3clones_purity4_eventsA_0", "dataset_id": "s30813s025", "liquidsolid": "liquid", "n_clones": 3, "n_samples": 2, "mixture_id": 4, "events_id": "A", "seed": 0, "error": 0.6707140491927309, "precision": 0.2561992764458631, "recall": 0.2321762447972772, "accuracy": 0.2321762447972772, "error_mirrored": 0.6400703297640546, "precision_mirrored": 0.013804065731755404, "recall_mirrored": 0.0046807145443506235, "accuracy_mirrored": 0.0046807145443506235, "error_small": 0.6650483190871116, "precision_small": 0.18721920038374237, "recall_small": 0.1265022689330111, "accuracy_small": 0.1265022689330111, "method": "hatchet2"}