{"simkey": "s20410s025_liquid_3clones_purity1_eventsA_0", "dataset_id": "s20410s025", "liquidsolid": "liquid", "n_clones": 3, "n_samples": 2, "mixture_id": 1, "events_id": "A", "seed": 0, "error": 0.7429898461948113, "precision": 0.4545936151443697, "recall": 0.5544464030003332, "accuracy": 0.392684027781576, "error_mirrored": 0.659150113241823, "precision_mirrored": 0.18414029518415842, "recall_mirrored": 0.16450816544287136, "accuracy_mirrored": 0.10395705472460906, "error_small": 0.7214587070900035, "precision_small": 0.2725938422090978, "recall_small": 0.3253451642069578, "accuracy_small": 0.19870699918791385, "method": "hatchet2"}