{"simkey": "s24913s025_liquid_3clones_purity4_eventsA_0", "dataset_id": "s24913s025", "liquidsolid": "liquid", "n_clones": 3, "n_samples": 2, "mixture_id": 4, "events_id": "A", "seed": 0, "error": 0.6686197574037649, "precision": 0.37926840890401475, "recall": 0.3032970047941513, "accuracy": 0.3032970047941513, "error_mirrored": 0.6498750501389289, "precision_mirrored": 0.22731719337468081, "recall_mirrored": 0.08702242577776781, "accuracy_mirrored": 0.08702242577776781, "error_small": 0.662012328123362, "precision_small": 0.2161500276181086, "recall_small": 0.12122156298178084, "accuracy_small": 0.12122156298178084, "method": "hatchet2"}