{"simkey": "s17334s025_liquid_3clones_purity5_eventsA_0", "dataset_id": "s17334s025", "liquidsolid": "liquid", "n_clones": 3, "n_samples": 2, "mixture_id": 5, "events_id": "A", "seed": 0, "error": 0.26115260691123504, "precision": 0.08077342921225622, "recall": 0.06832536847300523, "accuracy": 0.06832536847300523, "error_mirrored": 0.5643727657982109, "precision_mirrored": 0.07613410658515642, "recall_mirrored": 0.025378035528385485, "accuracy_mirrored": 0.025378035528385485, "error_small": 0.5030346507263921, "precision_small": 0.05506787853308085, "recall_small": 0.030063052873232056, "accuracy_small": 0.030063052873232056, "method": "hatchet2"}