{"simkey": "s19383s025_liquid_2clones_purity2_eventsA_0", "dataset_id": "s19383s025", "liquidsolid": "liquid", "n_clones": 2, "n_samples": 2, "mixture_id": 2, "events_id": "A", "seed": 0, "error": 0.4073447924490727, "precision": 0.1109592179369047, "recall": 0.17219684391796689, "accuracy": 0.09672559915636383, "error_mirrored": 0.38061924572067507, "precision_mirrored": 0.08374543682698365, "recall_mirrored": 0.08374543682698365, "accuracy_mirrored": 0.05583029121798905, "error_small": 0.4026694792429612, "precision_small": 0.12313322663008269, "recall_small": 0.13332682951615157, "accuracy_small": 0.08548668538207808, "method": "hatchet2"}