{"simkey": "s22122s025_liquid_2clones_purity2_eventsA_0", "dataset_id": "s22122s025", "liquidsolid": "liquid", "n_clones": 2, "n_samples": 2, "mixture_id": 2, "events_id": "A", "seed": 0, "error": 0.3336262815366218, "precision": 0.06630612125930424, "recall": 0.11800398962776715, "accuracy": 0.061436703629023794, "error_mirrored": 0.3305675001664531, "precision_mirrored": 0.12544545645749164, "recall_mirrored": 0.12544545645749164, "accuracy_mirrored": 0.08363030430499445, "error_small": 0.34592427659714303, "precision_small": 0.03427434558028743, "recall_small": 0.0674586701161707, "accuracy_small": 0.03391100523215271, "method": "hatchet2"}