{"simkey": "s4669s025_liquid_2clones_purity5_eventsA_0", "dataset_id": "s4669s025", "liquidsolid": "liquid", "n_clones": 2, "n_samples": 2, "mixture_id": 5, "events_id": "A", "seed": 0, "error": 0.23265538491920668, "precision": 0.04545543142774123, "recall": 0.028797198635918675, "accuracy": 0.028797198635918675, "error_mirrored": 0.5724294810954359, "precision_mirrored": 0.022626520342292396, "recall_mirrored": 0.011313260171146198, "accuracy_mirrored": 0.011313260171146198, "error_small": 0.4517721530460425, "precision_small": 0.04656872313486003, "recall_small": 0.02608717120305048, "accuracy_small": 0.02608717120305048, "method": "hatchet2"}