{"simkey": "s23465s025_liquid_2clones_purity2_eventsA_0", "dataset_id": "s23465s025", "liquidsolid": "liquid", "n_clones": 2, "n_samples": 2, "mixture_id": 2, "events_id": "A", "seed": 0, "error": 0.49168537082963887, "precision": 0.13374922361482444, "recall": 0.11852986071401052, "accuracy": 0.09171281084245078, "error_mirrored": 0.46737987072324033, "precision_mirrored": 0.009133091965833411, "recall_mirrored": 0.009118578095408343, "accuracy_mirrored": 0.00803452330442153, "error_small": 0.4917280179859983, "precision_small": 0.06398659291836827, "recall_small": 0.07850087510658349, "accuracy_small": 0.04749582267498393, "method": "hatchet2"}