{"simkey": "s4747s025_liquid_2clones_purity6_eventsA_0", "dataset_id": "s4747s025", "liquidsolid": "liquid", "n_clones": 2, "n_samples": 2, "mixture_id": 6, "events_id": "A", "seed": 0, "error": 0.6640548422072201, "precision": 0.22769054354024926, "recall": 0.19450673539287125, "accuracy": 0.19450673539287125, "error_mirrored": 0.6150723305713848, "precision_mirrored": 0.2770643859037941, "recall_mirrored": 0.13853219295189706, "accuracy_mirrored": 0.13853219295189706, "error_small": 0.6546879910467683, "precision_small": 0.11714933134669187, "recall_small": 0.06722631832032525, "accuracy_small": 0.06722631832032525, "method": "hatchet2"}