{"simkey": "s28104s025_liquid_2clones_purity5_eventsA_0", "dataset_id": "s28104s025", "liquidsolid": "liquid", "n_clones": 2, "n_samples": 2, "mixture_id": 5, "events_id": "A", "seed": 0, "error": 0.5644026703767171, "precision": 0.29891249917029783, "recall": 0.3338452349045798, "accuracy": 0.2229971774724509, "error_mirrored": 0.5196491263921006, "precision_mirrored": 0.015432543274257565, "recall_mirrored": 0.015432543274257565, "accuracy_mirrored": 0.01028836218283837, "error_small": 0.5471626866161926, "precision_small": 0.16373205988143502, "recall_small": 0.16947220867456825, "accuracy_small": 0.11810021925766137, "method": "hatchet2"}