{"simkey": "s8209s025_liquid_3clones_purity6_eventsA_0", "dataset_id": "s8209s025", "liquidsolid": "liquid", "n_clones": 3, "n_samples": 2, "mixture_id": 6, "events_id": "A", "seed": 0, "error": 0.34682166583133506, "precision": 0.03645074876025634, "recall": 0.03401879610525117, "accuracy": 0.03168565089906893, "error_mirrored": 0.6485247803836189, "precision_mirrored": 0.014274342854753024, "recall_mirrored": 0.006204044997645646, "accuracy_mirrored": 0.006163923420765209, "error_small": 0.4741685622794826, "precision_small": 0.09180798322734592, "recall_small": 0.05339181025601605, "accuracy_small": 0.04888681699847625, "method": "hatchet2"}