{"simkey": "s24250s025_liquid_3clones_purity5_eventsA_0", "dataset_id": "s24250s025", "liquidsolid": "liquid", "n_clones": 3, "n_samples": 2, "mixture_id": 5, "events_id": "A", "seed": 0, "error": 0.6933043907757315, "precision": 0.34953343463153036, "recall": 0.2713272411410787, "accuracy": 0.2713272411410787, "error_mirrored": 0.6629968277070573, "precision_mirrored": 0.16153353048420915, "recall_mirrored": 0.05388138496346924, "accuracy_mirrored": 0.05388138496346924, "error_small": 0.6881300054402242, "precision_small": 0.30551080406172565, "recall_small": 0.17464101568968138, "accuracy_small": 0.17464101568968138, "method": "hatchet2"}