{"simkey": "s13579s025_liquid_3clones_purity3_eventsA_0", "dataset_id": "s13579s025", "liquidsolid": "liquid", "n_clones": 3, "n_samples": 2, "mixture_id": 3, "events_id": "A", "seed": 0, "error": 0.6848226012798239, "precision": 0.00207864610523661, "recall": 0.0009127053180611529, "accuracy": 0.0009127053180611529, "error_mirrored": 0.6353277873081923, "precision_mirrored": 0.015495304166157074, "recall_mirrored": 0.006090375738971675, "accuracy_mirrored": 0.006090375738971675, "error_small": 0.6654451483224179, "precision_small": 0.01681036816915033, "recall_small": 0.009217383779650442, "accuracy_small": 0.009217383779650442, "method": "hatchet2"}