{"simkey": "s14584s025_liquid_2clones_purity5_eventsA_0", "dataset_id": "s14584s025", "liquidsolid": "liquid", "n_clones": 2, "n_samples": 2, "mixture_id": 5, "events_id": "A", "seed": 0, "error": 0.35757775522546, "precision": 0.062442258652171144, "recall": 0.05217870265693709, "accuracy": 0.05217870265693709, "error_mirrored": 0.5584255602417518, "precision_mirrored": 0.029943288396358056, "recall_mirrored": 0.014971644198179028, "accuracy_mirrored": 0.014971644198179028, "error_small": 0.48531769684799086, "precision_small": 0.11887232820798341, "recall_small": 0.08669802455503786, "accuracy_small": 0.08669802455503786, "method": "hatchet2"}