{"simkey": "s11992s025_liquid_3clones_purity2_eventsA_0", "dataset_id": "s11992s025", "liquidsolid": "liquid", "n_clones": 3, "n_samples": 2, "mixture_id": 2, "events_id": "A", "seed": 0, "error": 0.4600946977427879, "precision": 0.376121873732467, "recall": 0.2911446287363532, "accuracy": 0.2307522399471056, "error_mirrored": 0.4365728053795296, "precision_mirrored": 0.1341362804053938, "recall_mirrored": 0.07246286547726812, "accuracy_mirrored": 0.0590667362892111, "error_small": 0.44173507481760255, "precision_small": 0.2340932952117292, "recall_small": 0.20522175653046282, "accuracy_small": 0.14623086888923373, "method": "hatchet2"}