{"simkey": "s4669s025_liquid_2clones_purity2_eventsA_0", "dataset_id": "s4669s025", "liquidsolid": "liquid", "n_clones": 2, "n_samples": 2, "mixture_id": 2, "events_id": "A", "seed": 0, "error": 0.10846978153218463, "precision": 0.6674483965706538, "recall": 0.7770640305049176, "accuracy": 0.6494182350691484, "error_mirrored": 0.32540593301256737, "precision_mirrored": 0.15789662926377673, "recall_mirrored": 0.15751561672469455, "accuracy_mirrored": 0.10513741532949049, "error_small": 0.2960837233981564, "precision_small": 0.3410696676420298, "recall_small": 0.3532041837638051, "accuracy_small": 0.2921053960810313, "method": "hatchet2"}