{"simkey": "s19383s025_liquid_2clones_purity5_eventsA_0", "dataset_id": "s19383s025", "liquidsolid": "liquid", "n_clones": 2, "n_samples": 2, "mixture_id": 5, "events_id": "A", "seed": 0, "error": 0.3389333931548521, "precision": 0.1268304236891362, "recall": 0.10869153145944939, "accuracy": 0.10869153145944939, "error_mirrored": 0.5758977341131191, "precision_mirrored": 0.06776555014725098, "recall_mirrored": 0.03388277507362549, "accuracy_mirrored": 0.03388277507362549, "error_small": 0.48965781693285443, "precision_small": 0.07791429621276434, "recall_small": 0.053402417546215934, "accuracy_small": 0.053402417546215934, "method": "hatchet2"}