{"simkey": "s83678s025_liquid_2clones_purity3_eventsA_0", "dataset_id": "s83678s025", "liquidsolid": "liquid", "n_clones": 2, "n_samples": 2, "mixture_id": 3, "events_id": "A", "seed": 0, "error": 0.5259991838161933, "precision": 0.38562529094935377, "recall": 0.322717277059776, "accuracy": 0.322717277059776, "error_mirrored": 0.4703631770640712, "precision_mirrored": 0.4323006451305369, "recall_mirrored": 0.21615032256526845, "accuracy_mirrored": 0.21615032256526845, "error_small": 0.5050346762237993, "precision_small": 0.2244645495473531, "recall_small": 0.14814366042939958, "accuracy_small": 0.14814366042939958, "method": "hatchet2"}