{"simkey": "s11992s025_liquid_3clones_purity1_eventsA_0", "dataset_id": "s11992s025", "liquidsolid": "liquid", "n_clones": 3, "n_samples": 2, "mixture_id": 1, "events_id": "A", "seed": 0, "error": 0.734322182439624, "precision": 0.4591052479614716, "recall": 0.36045238951475783, "accuracy": 0.2918365361797261, "error_mirrored": 0.5345122247539059, "precision_mirrored": 0.15875565613516845, "recall_mirrored": 0.07320927270302754, "accuracy_mirrored": 0.06306391237404191, "error_small": 0.721465593252845, "precision_small": 0.3011695581393847, "recall_small": 0.2658210763271783, "accuracy_small": 0.2019261114289946, "method": "hatchet2"}