{"simkey": "s24913s025_liquid_3clones_purity2_eventsA_0", "dataset_id": "s24913s025", "liquidsolid": "liquid", "n_clones": 3, "n_samples": 2, "mixture_id": 2, "events_id": "A", "seed": 0, "error": 0.42405728837115825, "precision": 0.550461530710777, "recall": 0.5689039885064829, "accuracy": 0.43467892083965887, "error_mirrored": 0.40684848436186893, "precision_mirrored": 0.2981211886522583, "recall_mirrored": 0.16667966756552327, "accuracy_mirrored": 0.13814913752643743, "error_small": 0.4221245540468784, "precision_small": 0.37794142991148394, "recall_small": 0.3435100823570717, "accuracy_small": 0.25485806584597853, "method": "hatchet2"}