{"simkey": "s4467s025_liquid_3clones_purity4_eventsA_0", "dataset_id": "s4467s025", "liquidsolid": "liquid", "n_clones": 3, "n_samples": 2, "mixture_id": 4, "events_id": "A", "seed": 0, "error": 0.3644257674050161, "precision": 0.11901105527819757, "recall": 0.1377863587280985, "accuracy": 0.1030169504121547, "error_mirrored": 0.49230032728388795, "precision_mirrored": 0.0075852983661373625, "recall_mirrored": 0.005056865577424911, "accuracy_mirrored": 0.004452231107013275, "error_small": 0.4658688196939167, "precision_small": 0.06890385968091906, "recall_small": 0.053145705207066775, "accuracy_small": 0.042968134219350536, "method": "hatchet2"}