{"simkey": "s23465s025_liquid_2clones_purity3_eventsA_0", "dataset_id": "s23465s025", "liquidsolid": "liquid", "n_clones": 2, "n_samples": 2, "mixture_id": 3, "events_id": "A", "seed": 0, "error": 0.398352140290034, "precision": 0.4887229776176839, "recall": 0.4019798828071616, "accuracy": 0.4019798828071616, "error_mirrored": 0.47515027159224527, "precision_mirrored": 0.011341881858506495, "recall_mirrored": 0.0056709409292532474, "accuracy_mirrored": 0.0056709409292532474, "error_small": 0.43381190477200665, "precision_small": 0.22026141994774304, "recall_small": 0.12651048517884494, "accuracy_small": 0.12651048517884494, "method": "hatchet2"}