{"simkey": "s28037s025_liquid_2clones_purity5_eventsA_0", "dataset_id": "s28037s025", "liquidsolid": "liquid", "n_clones": 2, "n_samples": 2, "mixture_id": 5, "events_id": "A", "seed": 0, "error": 0.2465680219488098, "precision": 0.03865667960449662, "recall": 0.03332609559560796, "accuracy": 0.03332609559560796, "error_mirrored": 0.586217860988562, "precision_mirrored": 0.17208814273373424, "recall_mirrored": 0.08604407136686712, "accuracy_mirrored": 0.08604407136686712, "error_small": 0.4419755750545876, "precision_small": 0.02246081946233494, "recall_small": 0.011399065691120248, "accuracy_small": 0.011399065691120248, "method": "hatchet2"}