{"simkey": "s31165s025_liquid_2clones_purity4_eventsA_0", "dataset_id": "s31165s025", "liquidsolid": "liquid", "n_clones": 2, "n_samples": 2, "mixture_id": 4, "events_id": "A", "seed": 0, "error": 0.4838055016850363, "precision": 0.022318452132961887, "recall": 0.04073237514797947, "accuracy": 0.021016942426980455, "error_mirrored": 0.4585097723878724, "precision_mirrored": 0.02309827684706279, "recall_mirrored": 0.02309827684706279, "accuracy_mirrored": 0.015398851231375184, "error_small": 0.47563770987798604, "precision_small": 0.013792056672832195, "recall_small": 0.024638484494430058, "accuracy_small": 0.012810180389087416, "method": "hatchet2"}