{"simkey": "s28463s025_liquid_3clones_purity2_eventsA_0", "dataset_id": "s28463s025", "liquidsolid": "liquid", "n_clones": 3, "n_samples": 2, "mixture_id": 2, "events_id": "A", "seed": 0, "error": 0.35828327782741315, "precision": 0.11139537038993069, "recall": 0.1976484165868322, "accuracy": 0.10321414042404946, "error_mirrored": 0.3306637753133597, "precision_mirrored": 0.08912578909021017, "recall_mirrored": 0.07709181632588845, "accuracy_mirrored": 0.05340020634464598, "error_small": 0.36597484796400576, "precision_small": 0.10637516828611566, "recall_small": 0.11361033715757432, "accuracy_small": 0.07534025989229691, "method": "hatchet2"}