{"simkey": "s14584s025_liquid_2clones_purity1_eventsA_0", "dataset_id": "s14584s025", "liquidsolid": "liquid", "n_clones": 2, "n_samples": 2, "mixture_id": 1, "events_id": "A", "seed": 0, "error": 0.5524539206910637, "precision": 0.4881130633952772, "recall": 0.6691472709882879, "accuracy": 0.4610349773773325, "error_mirrored": 0.5200841160321361, "precision_mirrored": 0.256115687096215, "recall_mirrored": 0.29326703338343324, "accuracy_mirrored": 0.24012941370033114, "error_small": 0.5626806016572684, "precision_small": 0.3376868289279533, "recall_small": 0.44174489003568973, "accuracy_small": 0.306493598626344, "method": "hatchet2"}