{"simkey": "s28463s025_liquid_3clones_purity5_eventsA_0", "dataset_id": "s28463s025", "liquidsolid": "liquid", "n_clones": 3, "n_samples": 2, "mixture_id": 5, "events_id": "A", "seed": 0, "error": 0.5713190215059724, "precision": 0.07032805285275699, "recall": 0.12999402571638027, "accuracy": 0.06709363420601175, "error_mirrored": 0.5039053645556815, "precision_mirrored": 0.07159018003794866, "recall_mirrored": 0.05982204319708321, "accuracy_mirrored": 0.041842718271533054, "error_small": 0.5591264904141764, "precision_small": 0.06543169561741406, "recall_small": 0.07488588802480801, "accuracy_small": 0.048863218014875115, "method": "hatchet2"}