{"simkey": "s21221s025_liquid_2clones_purity4_eventsA_0", "dataset_id": "s21221s025", "liquidsolid": "liquid", "n_clones": 2, "n_samples": 2, "mixture_id": 4, "events_id": "A", "seed": 0, "error": 0.5259166911418246, "precision": 0.2716442417809982, "recall": 0.3053563652379858, "accuracy": 0.20597341114018464, "error_mirrored": 0.4867929346118042, "precision_mirrored": 0.04847388399389737, "recall_mirrored": 0.0249334043717662, "accuracy_mirrored": 0.02446909612188786, "error_small": 0.5103925157208088, "precision_small": 0.12859575409313137, "recall_small": 0.14027024891360426, "accuracy_small": 0.09238850354454288, "method": "hatchet2"}