{"simkey": "s28037s025_liquid_2clones_purity3_eventsA_0", "dataset_id": "s28037s025", "liquidsolid": "liquid", "n_clones": 2, "n_samples": 2, "mixture_id": 3, "events_id": "A", "seed": 0, "error": 0.13927854277389823, "precision": 0.6036814907881444, "recall": 0.7250006007409947, "accuracy": 0.570838493394171, "error_mirrored": 0.4220999989698153, "precision_mirrored": 0.09670739661801013, "recall_mirrored": 0.09645219521334199, "accuracy_mirrored": 0.06438653061045077, "error_small": 0.30829418618432547, "precision_small": 0.30259501220606366, "recall_small": 0.3364172086393216, "accuracy_small": 0.23795476175003877, "method": "hatchet2"}