{"simkey": "s4669s025_liquid_2clones_purity4_eventsA_0", "dataset_id": "s4669s025", "liquidsolid": "liquid", "n_clones": 2, "n_samples": 2, "mixture_id": 4, "events_id": "A", "seed": 0, "error": 0.21365136921911587, "precision": 0.045002582517755685, "recall": 0.028631391055102637, "accuracy": 0.028631391055102637, "error_mirrored": 0.534217830322764, "precision_mirrored": 0.00032383616326741834, "recall_mirrored": 0.00016191808163370917, "accuracy_mirrored": 0.00016191808163370917, "error_small": 0.4205673247670632, "precision_small": 0.06517063566886838, "recall_small": 0.0435448318870879, "accuracy_small": 0.0435448318870879, "method": "hatchet2"}