{"simkey": "s28104s025_liquid_2clones_purity4_eventsA_0", "dataset_id": "s28104s025", "liquidsolid": "liquid", "n_clones": 2, "n_samples": 2, "mixture_id": 4, "events_id": "A", "seed": 0, "error": 0.5657840505253068, "precision": 0.16275195397544284, "recall": 0.10721314509431584, "accuracy": 0.10721314509431584, "error_mirrored": 0.5161162626239201, "precision_mirrored": 0.008126383466228291, "recall_mirrored": 0.004063191733114146, "accuracy_mirrored": 0.004063191733114146, "error_small": 0.5406036032353093, "precision_small": 0.07849163678327883, "recall_small": 0.05195123618688184, "accuracy_small": 0.05195123618688184, "method": "hatchet2"}