{"simkey": "s24250s025_liquid_3clones_purity6_eventsA_0", "dataset_id": "s24250s025", "liquidsolid": "liquid", "n_clones": 3, "n_samples": 2, "mixture_id": 6, "events_id": "A", "seed": 0, "error": 0.7563447539856006, "precision": 0.3386844812373912, "recall": 0.2663493243887726, "accuracy": 0.2663493243887726, "error_mirrored": 0.7188007087649108, "precision_mirrored": 0.10864481156128052, "recall_mirrored": 0.036279726763188566, "accuracy_mirrored": 0.036279726763188566, "error_small": 0.7482637962337418, "precision_small": 0.2759458538481545, "recall_small": 0.1551352596489999, "accuracy_small": 0.1551352596489999, "method": "hatchet2"}