{"simkey": "s8209s025_liquid_3clones_purity4_eventsA_0", "dataset_id": "s8209s025", "liquidsolid": "liquid", "n_clones": 3, "n_samples": 2, "mixture_id": 4, "events_id": "A", "seed": 0, "error": 0.28191695148597223, "precision": 0.057362056737276255, "recall": 0.07403439203429563, "accuracy": 0.04391959499178175, "error_mirrored": 0.5437445042856512, "precision_mirrored": 0.005831011629630687, "recall_mirrored": 0.002729160781247472, "accuracy_mirrored": 0.0023612813125026074, "error_small": 0.39003160859605385, "precision_small": 0.1040105873429875, "recall_small": 0.11395489831374281, "accuracy_small": 0.0727149102985093, "method": "hatchet2"}