{"simkey": "s11992s025_liquid_3clones_purity5_eventsA_0", "dataset_id": "s11992s025", "liquidsolid": "liquid", "n_clones": 3, "n_samples": 2, "mixture_id": 5, "events_id": "A", "seed": 0, "error": 0.7151581097013, "precision": 0.2548838629425765, "recall": 0.13905057885594618, "accuracy": 0.13905057885594618, "error_mirrored": 0.6963370619632258, "precision_mirrored": 0.15904671546901902, "recall_mirrored": 0.05368485331706598, "accuracy_mirrored": 0.05368485331706598, "error_small": 0.6951915050259109, "precision_small": 0.11295169600712823, "recall_small": 0.055549366814379234, "accuracy_small": 0.055549366814379234, "method": "hatchet2"}