{"simkey": "s28104s025_liquid_2clones_purity2_eventsA_0", "dataset_id": "s28104s025", "liquidsolid": "liquid", "n_clones": 2, "n_samples": 2, "mixture_id": 2, "events_id": "A", "seed": 0, "error": 0.3958357829238449, "precision": 0.34298490156435674, "recall": 0.42296995460930187, "accuracy": 0.3034906921523986, "error_mirrored": 0.3648139251869287, "precision_mirrored": 0.01597358252167899, "recall_mirrored": 0.01589489970753808, "accuracy_mirrored": 0.010622827409739025, "error_small": 0.39061066912710096, "precision_small": 0.20041004676919838, "recall_small": 0.21786313801186324, "accuracy_small": 0.14963109830811552, "method": "hatchet2"}