{"simkey": "s26774s025_liquid_3clones_purity1_eventsA_0", "dataset_id": "s26774s025", "liquidsolid": "liquid", "n_clones": 3, "n_samples": 2, "mixture_id": 1, "events_id": "A", "seed": 0, "error": 0.8360205681629758, "precision": 0.5001955314508796, "recall": 0.3992027413357695, "accuracy": 0.3289017914521425, "error_mirrored": 0.6625472719574848, "precision_mirrored": 0.33982847036322544, "recall_mirrored": 0.16692569171182983, "accuracy_mirrored": 0.14010092857231926, "error_small": 0.7814534217821569, "precision_small": 0.3286026344934062, "recall_small": 0.27769740673113563, "accuracy_small": 0.20862741652654399, "method": "hatchet2"}