{"simkey": "s4467s025_liquid_3clones_purity1_eventsA_0", "dataset_id": "s4467s025", "liquidsolid": "liquid", "n_clones": 3, "n_samples": 2, "mixture_id": 1, "events_id": "A", "seed": 0, "error": 0.7266156369180142, "precision": 0.41483646085805237, "recall": 0.6321916645231782, "accuracy": 0.37106475019525154, "error_mirrored": 0.639107335362534, "precision_mirrored": 0.31186786774287323, "recall_mirrored": 0.3705242290001833, "accuracy_mirrored": 0.24661185245543502, "error_small": 0.7055635522676502, "precision_small": 0.2695434859186645, "recall_small": 0.3682527375740456, "accuracy_small": 0.20280067162706375, "method": "hatchet2"}