{"simkey": "s83678s025_liquid_2clones_purity6_eventsA_0", "dataset_id": "s83678s025", "liquidsolid": "liquid", "n_clones": 2, "n_samples": 2, "mixture_id": 6, "events_id": "A", "seed": 0, "error": 0.6716843536900684, "precision": 0.22947428154901486, "recall": 0.19990300132698505, "accuracy": 0.19990300132698505, "error_mirrored": 0.5866360629523326, "precision_mirrored": 0.4317243873932043, "recall_mirrored": 0.21586219369660214, "accuracy_mirrored": 0.21586219369660214, "error_small": 0.6327176832338296, "precision_small": 0.19048382467681743, "recall_small": 0.12996483688771343, "accuracy_small": 0.12996483688771343, "method": "hatchet2"}