{"simkey": "s14855s025_liquid_2clones_purity6_eventsA_0", "dataset_id": "s14855s025", "liquidsolid": "liquid", "n_clones": 2, "n_samples": 2, "mixture_id": 6, "events_id": "A", "seed": 0, "error": 0.5810616343324517, "precision": 0.5890716952244449, "recall": 0.5026640329503766, "accuracy": 0.5026640329503766, "error_mirrored": 0.5522947414693438, "precision_mirrored": 0.04533305873162183, "recall_mirrored": 0.022666529365810914, "accuracy_mirrored": 0.022666529365810914, "error_small": 0.5909353125117662, "precision_small": 0.4118367214681375, "recall_small": 0.2730231416116793, "accuracy_small": 0.2730231416116793, "method": "hatchet2"}