{"simkey": "s14584s025_liquid_2clones_purity4_eventsA_0", "dataset_id": "s14584s025", "liquidsolid": "liquid", "n_clones": 2, "n_samples": 2, "mixture_id": 4, "events_id": "A", "seed": 0, "error": 0.3459423771558629, "precision": 0.059607128013472344, "recall": 0.08397755024441618, "accuracy": 0.05035238050378123, "error_mirrored": 0.42411349999999964, "precision_mirrored": 0.18730624277735386, "recall_mirrored": 0.10143133859588423, "accuracy_mirrored": 0.09624586045774601, "error_small": 0.4098765420834041, "precision_small": 0.13250038202870384, "recall_small": 0.12359299285530587, "accuracy_small": 0.10277453230402607, "method": "hatchet2"}