{"simkey": "s2426s025_liquid_2clones_purity6_eventsA_0", "dataset_id": "s2426s025", "liquidsolid": "liquid", "n_clones": 2, "n_samples": 2, "mixture_id": 6, "events_id": "A", "seed": 0, "error": 0.38383269195013736, "precision": 0.1205263564272342, "recall": 0.11381092122880028, "accuracy": 0.11381092122880028, "error_mirrored": 0.6107683041078723, "precision_mirrored": 0.015309200008819374, "recall_mirrored": 0.007654600004409687, "accuracy_mirrored": 0.007654600004409687, "error_small": 0.5218812323583369, "precision_small": 0.046459993158283475, "recall_small": 0.04277133522599066, "accuracy_small": 0.04277133522599066, "method": "hatchet2"}