{"simkey": "s23587s025_liquid_3clones_purity4_eventsA_0", "dataset_id": "s23587s025", "liquidsolid": "liquid", "n_clones": 3, "n_samples": 2, "mixture_id": 4, "events_id": "A", "seed": 0, "error": 0.4986600361680319, "precision": 0.4692099950968659, "recall": 0.4680337883995786, "accuracy": 0.3631749169817405, "error_mirrored": 0.4783971620840317, "precision_mirrored": 0.37371515027716184, "recall_mirrored": 0.2348110509964313, "accuracy_mirrored": 0.2027349639404419, "error_small": 0.5057952005386176, "precision_small": 0.3644599707053965, "recall_small": 0.3207330524755329, "accuracy_small": 0.2577636390300003, "method": "hatchet2"}