{"simkey": "s4747s025_liquid_2clones_purity5_eventsA_0", "dataset_id": "s4747s025", "liquidsolid": "liquid", "n_clones": 2, "n_samples": 2, "mixture_id": 5, "events_id": "A", "seed": 0, "error": 0.5966809482297825, "precision": 0.28776611752043707, "recall": 0.34649107540925156, "accuracy": 0.2529156981927965, "error_mirrored": 0.5552759937475871, "precision_mirrored": 0.15844112497244, "recall_mirrored": 0.15604193696749533, "accuracy_mirrored": 0.10482768731331182, "error_small": 0.5892271871600041, "precision_small": 0.2491066463288119, "recall_small": 0.23475427524773848, "accuracy_small": 0.16962195982456607, "method": "hatchet2"}