{"simkey": "s31165s025_liquid_2clones_purity6_eventsA_0", "dataset_id": "s31165s025", "liquidsolid": "liquid", "n_clones": 2, "n_samples": 2, "mixture_id": 6, "events_id": "A", "seed": 0, "error": 0.43657025982972225, "precision": 0.08478483997224605, "recall": 0.07853779477203424, "accuracy": 0.07853779477203424, "error_mirrored": 0.4821385529028404, "precision_mirrored": 0.04624314013228901, "recall_mirrored": 0.023121570066144504, "accuracy_mirrored": 0.023121570066144504, "error_small": 0.4841743469797514, "precision_small": 0.09224805397829196, "recall_small": 0.08031668586726498, "accuracy_small": 0.08031668586726498, "method": "hatchet2"}