{"simkey": "s22122s025_liquid_2clones_purity6_eventsA_0", "dataset_id": "s22122s025", "liquidsolid": "liquid", "n_clones": 2, "n_samples": 2, "mixture_id": 6, "events_id": "A", "seed": 0, "error": 0.34103599640319937, "precision": 0.11433704151871296, "recall": 0.153385754998449, "accuracy": 0.09751690015866969, "error_mirrored": 0.5617243758062033, "precision_mirrored": 0.24992420922026418, "recall_mirrored": 0.124966279453724, "accuracy_mirrored": 0.12496349622466273, "error_small": 0.43518315267685354, "precision_small": 0.06975588787645122, "recall_small": 0.10245918746503686, "accuracy_small": 0.0647603906131884, "method": "hatchet2"}