{"simkey": "s26774s025_liquid_3clones_purity5_eventsA_0", "dataset_id": "s26774s025", "liquidsolid": "liquid", "n_clones": 3, "n_samples": 2, "mixture_id": 5, "events_id": "A", "seed": 0, "error": 0.6954024339700282, "precision": 0.3642890734411082, "recall": 0.2433132441026163, "accuracy": 0.2433132441026163, "error_mirrored": 0.681715869343407, "precision_mirrored": 0.34294878653227, "recall_mirrored": 0.11577607543511165, "accuracy_mirrored": 0.11577607543511165, "error_small": 0.6929873977075904, "precision_small": 0.26660089069773973, "recall_small": 0.13680040457174844, "accuracy_small": 0.13680040457174844, "method": "hatchet2"}