{"simkey": "s30813s025_liquid_3clones_purity2_eventsA_0", "dataset_id": "s30813s025", "liquidsolid": "liquid", "n_clones": 3, "n_samples": 2, "mixture_id": 2, "events_id": "A", "seed": 0, "error": 0.4523595671822209, "precision": 0.4957118104060482, "recall": 0.44412315881861475, "accuracy": 0.44412315881861475, "error_mirrored": 0.48295351697196237, "precision_mirrored": 0.12148893285092051, "recall_mirrored": 0.04158738193064556, "accuracy_mirrored": 0.04158738193064556, "error_small": 0.45244511506006346, "precision_small": 0.36066719771978717, "recall_small": 0.2422359239224356, "accuracy_small": 0.2422359239224356, "method": "hatchet2"}