{"simkey": "s4747s025_liquid_2clones_purity2_eventsA_0", "dataset_id": "s4747s025", "liquidsolid": "liquid", "n_clones": 2, "n_samples": 2, "mixture_id": 2, "events_id": "A", "seed": 0, "error": 0.30266031397900583, "precision": 0.3721153011512667, "recall": 0.489924031115987, "accuracy": 0.3303645993373397, "error_mirrored": 0.35808946553284043, "precision_mirrored": 0.001589628360209301, "recall_mirrored": 0.001589628360209301, "accuracy_mirrored": 0.0010597522401395339, "error_small": 0.32447305856973346, "precision_small": 0.2696860796834401, "recall_small": 0.3122280271571534, "accuracy_small": 0.20830320079391915, "method": "hatchet2"}