{"simkey": "s28037s025_liquid_2clones_purity1_eventsA_0", "dataset_id": "s28037s025", "liquidsolid": "liquid", "n_clones": 2, "n_samples": 2, "mixture_id": 1, "events_id": "A", "seed": 0, "error": 0.49222025310736517, "precision": 0.5276173471559436, "recall": 0.8147461044253794, "accuracy": 0.5104519852585147, "error_mirrored": 0.554482399035308, "precision_mirrored": 0.14905166313041984, "recall_mirrored": 0.18324133964784167, "accuracy_mirrored": 0.13169352864012848, "error_small": 0.5159581857170956, "precision_small": 0.4784623635424775, "recall_small": 0.6184889335418082, "accuracy_small": 0.43849957626330044, "method": "hatchet2"}