{"simkey": "s26774s025_liquid_3clones_purity6_eventsA_0", "dataset_id": "s26774s025", "liquidsolid": "liquid", "n_clones": 3, "n_samples": 2, "mixture_id": 6, "events_id": "A", "seed": 0, "error": 0.7751778843366869, "precision": 0.4230831613648597, "recall": 0.2562480544586899, "accuracy": 0.2562480544586899, "error_mirrored": 0.75106671253762, "precision_mirrored": 0.45120395725912865, "recall_mirrored": 0.1556286953992838, "accuracy_mirrored": 0.1556286953992838, "error_small": 0.7705916008812768, "precision_small": 0.23058979302629265, "recall_small": 0.12097737110052326, "accuracy_small": 0.12097737110052326, "method": "hatchet2"}