{"simkey": "s17334s025_liquid_3clones_purity3_eventsA_0", "dataset_id": "s17334s025", "liquidsolid": "liquid", "n_clones": 3, "n_samples": 2, "mixture_id": 3, "events_id": "A", "seed": 0, "error": 0.41534870225635834, "precision": 0.05825799668549624, "recall": 0.11183362444575425, "accuracy": 0.056691972558081255, "error_mirrored": 0.38546701984883663, "precision_mirrored": 0.0521031297897784, "recall_mirrored": 0.05180626693814291, "accuracy_mirrored": 0.03458698843403453, "error_small": 0.44474403381639416, "precision_small": 0.046311399463315944, "recall_small": 0.06670863008340737, "accuracy_small": 0.03756814066891987, "method": "hatchet2"}