{"simkey": "s16924s025_liquid_2clones_purity4_eventsA_0", "dataset_id": "s16924s025", "liquidsolid": "liquid", "n_clones": 2, "n_samples": 2, "mixture_id": 4, "events_id": "A", "seed": 0, "error": 0.32813301112626975, "precision": 0.5108169810765629, "recall": 0.4695527393324362, "accuracy": 0.4259520425029389, "error_mirrored": 0.37767480095703254, "precision_mirrored": 0.006839466895844613, "recall_mirrored": 0.006839466895844613, "accuracy_mirrored": 0.004559644597229741, "error_small": 0.38129413662877554, "precision_small": 0.3106816293113531, "recall_small": 0.309501726695763, "accuracy_small": 0.23703089995424184, "method": "hatchet2"}