{"simkey": "s21221s025_liquid_2clones_purity1_eventsA_0", "dataset_id": "s21221s025", "liquidsolid": "liquid", "n_clones": 2, "n_samples": 2, "mixture_id": 1, "events_id": "A", "seed": 0, "error": 0.7557441202771572, "precision": 0.1415118207963732, "recall": 0.22195989318618362, "accuracy": 0.1232258646017884, "error_mirrored": 0.6410683354867786, "precision_mirrored": 0.0244364746093388, "recall_mirrored": 0.024864787828944915, "accuracy_mirrored": 0.016511269950922194, "error_small": 0.6805086358375817, "precision_small": 0.1017694263901099, "recall_small": 0.14252523827670907, "accuracy_small": 0.08193566852484126, "method": "hatchet2"}