{"simkey": "s8209s025_liquid_3clones_purity2_eventsA_0", "dataset_id": "s8209s025", "liquidsolid": "liquid", "n_clones": 3, "n_samples": 2, "mixture_id": 2, "events_id": "A", "seed": 0, "error": 0.30291672375016127, "precision": 0.21726364033508155, "recall": 0.3442063930802201, "accuracy": 0.1870413223378015, "error_mirrored": 0.31400550348021644, "precision_mirrored": 0.043298194715887056, "recall_mirrored": 0.03688891297631147, "accuracy_mirrored": 0.025700631906166865, "error_small": 0.3135917661406936, "precision_small": 0.13488637086004387, "recall_small": 0.1714179079076515, "accuracy_small": 0.10077668992567611, "method": "hatchet2"}