{"simkey": "s28037s025_liquid_2clones_purity6_eventsA_0", "dataset_id": "s28037s025", "liquidsolid": "liquid", "n_clones": 2, "n_samples": 2, "mixture_id": 6, "events_id": "A", "seed": 0, "error": 0.2667565054138273, "precision": 0.02818978020234358, "recall": 0.02794949054984473, "accuracy": 0.02794949054984473, "error_mirrored": 0.6243904140885638, "precision_mirrored": 0.00013789830760926465, "recall_mirrored": 6.894915380463233e-05, "accuracy_mirrored": 6.894915380463233e-05, "error_small": 0.4738774013941509, "precision_small": 0.01826551969016419, "recall_small": 0.009433313950414971, "accuracy_small": 0.009433313950414971, "method": "hatchet2"}