{"simkey": "s28463s025_liquid_3clones_purity3_eventsA_0", "dataset_id": "s28463s025", "liquidsolid": "liquid", "n_clones": 3, "n_samples": 2, "mixture_id": 3, "events_id": "A", "seed": 0, "error": 0.3885180150677194, "precision": 0.08967138470256192, "recall": 0.15336908254791742, "accuracy": 0.08115617107981486, "error_mirrored": 0.37387225236151783, "precision_mirrored": 0.08905865305285665, "recall_mirrored": 0.07697562404268903, "accuracy_mirrored": 0.05333092086348727, "error_small": 0.4009298337045116, "precision_small": 0.09925001458278648, "recall_small": 0.09543279279804785, "accuracy_small": 0.06624357871302049, "method": "hatchet2"}