{"simkey": "s14584s025_liquid_2clones_purity3_eventsA_0", "dataset_id": "s14584s025", "liquidsolid": "liquid", "n_clones": 2, "n_samples": 2, "mixture_id": 3, "events_id": "A", "seed": 0, "error": 0.4253834133734422, "precision": 0.02325472076102904, "recall": 0.03729643081467541, "accuracy": 0.020183717191901478, "error_mirrored": 0.3901158887557674, "precision_mirrored": 0.01489905757301791, "recall_mirrored": 0.01489905757301791, "accuracy_mirrored": 0.009932705048678603, "error_small": 0.40031242682177914, "precision_small": 0.07373855811001141, "recall_small": 0.10352943092323448, "accuracy_small": 0.05908932967774862, "method": "hatchet2"}