{"simkey": "s28922s025_liquid_3clones_purity3_eventsA_0", "dataset_id": "s28922s025", "liquidsolid": "liquid", "n_clones": 3, "n_samples": 2, "mixture_id": 3, "events_id": "A", "seed": 0, "error": 0.3236879900599092, "precision": 0.06283680479997482, "recall": 0.10411984262457931, "accuracy": 0.055655980774850136, "error_mirrored": 0.3365456660296859, "precision_mirrored": 0.006397552417553688, "recall_mirrored": 0.006315239502151901, "accuracy_mirrored": 0.004234080429419167, "error_small": 0.4282298362038166, "precision_small": 0.01527644209136995, "recall_small": 0.022508771535131134, "accuracy_small": 0.012612642609312974, "method": "hatchet2"}