{"simkey": "s21221s025_liquid_2clones_purity3_eventsA_0", "dataset_id": "s21221s025", "liquidsolid": "liquid", "n_clones": 2, "n_samples": 2, "mixture_id": 3, "events_id": "A", "seed": 0, "error": 0.5035215237232665, "precision": 0.3257453451484828, "recall": 0.251762195616515, "accuracy": 0.251762195616515, "error_mirrored": 0.4810325051434763, "precision_mirrored": 0.05818105524635263, "recall_mirrored": 0.029090527623176314, "accuracy_mirrored": 0.029090527623176314, "error_small": 0.5022216692384055, "precision_small": 0.162398741558145, "recall_small": 0.10356929284249981, "accuracy_small": 0.10356929284249981, "method": "hatchet2"}