{"simkey": "s17334s025_liquid_3clones_purity1_eventsA_0", "dataset_id": "s17334s025", "liquidsolid": "liquid", "n_clones": 3, "n_samples": 2, "mixture_id": 1, "events_id": "A", "seed": 0, "error": 0.6971887313936574, "precision": 0.683089845132139, "recall": 0.74454480564783, "accuracy": 0.6263928413697734, "error_mirrored": 0.6196365421511159, "precision_mirrored": 0.2934275255112372, "recall_mirrored": 0.19432789783259918, "accuracy_mirrored": 0.14688403824578922, "error_small": 0.7348673253596419, "precision_small": 0.442216376029387, "recall_small": 0.4009499540700997, "accuracy_small": 0.33315275904730807, "method": "hatchet2"}