{"simkey": "s28922s025_liquid_3clones_purity1_eventsA_0", "dataset_id": "s28922s025", "liquidsolid": "liquid", "n_clones": 3, "n_samples": 2, "mixture_id": 1, "events_id": "A", "seed": 0, "error": 0.7102463467488854, "precision": 0.49302661232987455, "recall": 0.6891182402946988, "accuracy": 0.44852736240918367, "error_mirrored": 0.5694986639084539, "precision_mirrored": 0.30634882563792815, "recall_mirrored": 0.24026326709380008, "accuracy_mirrored": 0.16904697958041326, "error_small": 0.7410441298929671, "precision_small": 0.2856390612868484, "recall_small": 0.3936839156460542, "accuracy_small": 0.23486833971998888, "method": "hatchet2"}