{"simkey": "s8209s025_liquid_3clones_purity3_eventsA_0", "dataset_id": "s8209s025", "liquidsolid": "liquid", "n_clones": 3, "n_samples": 2, "mixture_id": 3, "events_id": "A", "seed": 0, "error": 0.29252463109137555, "precision": 0.10453903694240863, "recall": 0.14965723501551248, "accuracy": 0.08986744918550064, "error_mirrored": 0.391178680218047, "precision_mirrored": 0.06439257557683965, "recall_mirrored": 0.05105109080916519, "accuracy_mirrored": 0.03625764133405582, "error_small": 0.336756484650427, "precision_small": 0.12408086710504965, "recall_small": 0.11657404944872929, "accuracy_small": 0.08592144357313929, "method": "hatchet2"}