{"simkey": "s28922s025_liquid_3clones_purity4_eventsA_0", "dataset_id": "s28922s025", "liquidsolid": "liquid", "n_clones": 3, "n_samples": 2, "mixture_id": 4, "events_id": "A", "seed": 0, "error": 0.2990258347511268, "precision": 0.09873822579994677, "recall": 0.08145358176306261, "accuracy": 0.08145358176306261, "error_mirrored": 0.47199611843442424, "precision_mirrored": 0.02051431373119672, "recall_mirrored": 0.010241602013667713, "accuracy_mirrored": 0.010241602013667713, "error_small": 0.5082986523985429, "precision_small": 0.030031534099432926, "recall_small": 0.02640470761198956, "accuracy_small": 0.02640470761198956, "method": "hatchet2"}