{"simkey": "dataset_n2_tetraploid_4_4_0", "dataset_id": "tetraploid_4", "liquidsolid": "", "n_clones": 2, "n_samples": 3, "mixture_id": 0, "events_id": "A", "seed": 4, "error": 0.6902977978415357, "precision": 0.13353341493907664, "recall": 0.19774081533090873, "accuracy": 0.1157470883761382, "error_mirrored": 0.9999694115131234, "precision_mirrored": 0.00025503698166302977, "recall_mirrored": 0.00012581876672537962, "accuracy_mirrored": 9.4477328428078e-05, "error_small": 0.8333333333333334, "precision_small": 0.0, "recall_small": 0.0, "accuracy_small": 0.0, "method": "hatchet1"}