{"simkey": "dataset_n2_diploid_2_1_0", "dataset_id": "diploid_2", "liquidsolid": "", "n_clones": 2, "n_samples": 3, "mixture_id": 0, "events_id": "A", "seed": 1, "error": 0.10415517254127389, "precision": 0.9749066535221744, "recall": 0.8446362296616532, "accuracy": 0.8362599633052973, "error_mirrored": 1.0, "precision_mirrored": 0.0, "recall_mirrored": 0.0, "accuracy_mirrored": 0.0, "error_small": 0.24369068711276212, "precision_small": 0.9156876295784382, "recall_small": 0.6414998272287491, "accuracy_small": 0.6226101704676341, "method": "hatchet1"}