{"simkey": "dataset_n2_diploid_0_3_0", "dataset_id": "diploid_0", "liquidsolid": "", "n_clones": 2, "n_samples": 3, "mixture_id": 0, "events_id": "A", "seed": 3, "error": 0.08779702646369283, "precision": 0.9788643738040662, "recall": 0.9786708920575516, "accuracy": 0.9748228608084785, "error_mirrored": 0.7029170445245462, "precision_mirrored": 0.9984192505163075, "recall_mirrored": 0.9913511455152912, "accuracy_mirrored": 0.9898313193805653, "error_small": 0.27359906126940803, "precision_small": 0.65860400829302, "recall_small": 0.6605046648237733, "accuracy_small": 0.6546303271135683, "method": "hatchet1"}