{"simkey": "dataset_n2_tetraploid_2_4_1", "dataset_id": "tetraploid_2", "liquidsolid": "", "n_clones": 2, "n_samples": 2, "mixture_id": 1, "events_id": "A", "seed": 4, "error": 0.07248779345111205, "precision": 0.9045109344878761, "recall": 0.8823212364620393, "accuracy": 0.8681621697476921, "error_mirrored": 0.5140743317555493, "precision_mirrored": 0.6368590028676998, "recall_mirrored": 0.48694410105852737, "accuracy_mirrored": 0.4867030352773918, "error_small": 0.11495118764771944, "precision_small": 0.7883189357290947, "recall_small": 0.7883189357290947, "accuracy_small": 0.7372362358903481, "method": "hatchet2"}