{"simkey": "dataset_n2_diploid_2_0_1", "dataset_id": "diploid_2", "liquidsolid": "", "n_clones": 2, "n_samples": 2, "mixture_id": 1, "events_id": "A", "seed": 0, "error": 0.01631837100098972, "precision": 0.9737335253393101, "recall": 0.9737601717220835, "accuracy": 0.9658303120251608, "error_mirrored": 0.04751896086581138, "precision_mirrored": 0.9990710447738137, "recall_mirrored": 0.991095544967825, "accuracy_mirrored": 0.9902263671817232, "error_small": 0.1253342380680719, "precision_small": 0.8214782308223911, "recall_small": 0.8183797512093988, "accuracy_small": 0.8145195807417647, "method": "hatchet2"}