{"simkey": "dataset_n2_diploid_1_0_0", "dataset_id": "diploid_1", "liquidsolid": "", "n_clones": 2, "n_samples": 3, "mixture_id": 0, "events_id": "A", "seed": 0, "error": 0.010871583824746914, "precision": 0.9865241330642727, "recall": 0.9866830173971703, "accuracy": 0.9822638803095332, "error_mirrored": 0.016219281105376758, "precision_mirrored": 0.9999504982755416, "recall_mirrored": 0.9979126149605797, "accuracy_mirrored": 0.9978633196736582, "error_small": 0.04345561628069576, "precision_small": 0.9487498272287491, "recall_small": 0.9531364892881824, "accuracy_small": 0.9487498272287491, "method": "hatchet2"}