{"simkey": "dataset_n2_tetraploid_3_3_0", "dataset_id": "tetraploid_3", "liquidsolid": "", "n_clones": 2, "n_samples": 3, "mixture_id": 0, "events_id": "A", "seed": 3, "error": 0.10399885057554238, "precision": 0.987429094185716, "recall": 0.8449079738359778, "accuracy": 0.8414848140406506, "error_mirrored": 1.0, "precision_mirrored": 0.0, "recall_mirrored": 0.0, "accuracy_mirrored": 0.0, "error_small": 0.04468927813591342, "precision_small": 0.9830687629578438, "recall_small": 0.9348654111955771, "accuracy_small": 0.9348654111955771, "method": "hatchet1"}