{"simkey": "dataset_n2_diploid_4_3_1", "dataset_id": "diploid_4", "liquidsolid": "", "n_clones": 2, "n_samples": 2, "mixture_id": 1, "events_id": "A", "seed": 3, "error": 0.07483407294502571, "precision": 0.9781387205604368, "recall": 0.8513449511272646, "accuracy": 0.8444345138375622, "error_mirrored": 1.0, "precision_mirrored": 0.0, "recall_mirrored": 0.0, "accuracy_mirrored": 0.0, "error_small": 0.16210670003870079, "precision_small": 0.972356599861783, "recall_small": 0.6897031789910159, "accuracy_small": 0.6897031789910159, "method": "hatchet1"}