{"simkey": "dataset_n2_tetraploid_1_0_0", "dataset_id": "tetraploid_1", "liquidsolid": "", "n_clones": 2, "n_samples": 3, "mixture_id": 0, "events_id": "A", "seed": 0, "error": 0.055663366965919, "precision": 0.9373736601741577, "recall": 0.9312761203551951, "accuracy": 0.925383243523462, "error_mirrored": 0.13584699967959857, "precision_mirrored": 0.8762204524526634, "recall_mirrored": 0.874780306240633, "accuracy_mirrored": 0.8745924112700879, "error_small": 0.35214120121895875, "precision_small": 0.5261330338631651, "recall_small": 0.5261330338631651, "accuracy_small": 0.5174517392305921, "method": "hatchet2"}