{"simkey": "dataset_n2_tetraploid_2_0_2", "dataset_id": "tetraploid_2", "liquidsolid": "", "n_clones": 2, "n_samples": 2, "mixture_id": 2, "events_id": "A", "seed": 0, "error": 0.07483728707003867, "precision": 0.9024831132796294, "recall": 0.8792166619715777, "accuracy": 0.8663221659349453, "error_mirrored": 0.5231417432729462, "precision_mirrored": 0.6204329500200861, "recall_mirrored": 0.48696096416104157, "accuracy_mirrored": 0.47745274029835316, "error_small": 0.161839416033172, "precision_small": 0.7196224948168625, "recall_small": 0.717673807878369, "accuracy_small": 0.6672406703524534, "method": "hatchet2"}