{"simkey": "dataset_n2_tetraploid_2_2_0", "dataset_id": "tetraploid_2", "liquidsolid": "", "n_clones": 2, "n_samples": 3, "mixture_id": 0, "events_id": "A", "seed": 2, "error": 0.08691402896702195, "precision": 0.8880083070890785, "recall": 0.8938898353722317, "accuracy": 0.8764914876536086, "error_mirrored": 0.2845433850986485, "precision_mirrored": 0.7216774652910782, "recall_mirrored": 0.7171612384306191, "accuracy_mirrored": 0.7170251664823797, "error_small": 0.3477159256909702, "precision_small": 0.5493980649619903, "recall_small": 0.5545055286800277, "accuracy_small": 0.4970162404975814, "method": "hatchet2"}