{"simkey": "dataset_n2_tetraploid_0_3_0", "dataset_id": "tetraploid_0", "liquidsolid": "", "n_clones": 2, "n_samples": 3, "mixture_id": 0, "events_id": "A", "seed": 3, "error": 0.1037866016375508, "precision": 0.988206987189748, "recall": 0.8466595028487716, "accuracy": 0.8423920712806146, "error_mirrored": 1.0, "precision_mirrored": 0.0, "recall_mirrored": 0.0, "accuracy_mirrored": 0.0, "error_small": 0.22120763994471326, "precision_small": 0.9422940566689703, "recall_small": 0.6831375259156877, "accuracy_small": 0.6831375259156877, "method": "hatchet1"}