{"simkey": "dataset_n2_tetraploid_3_2_1", "dataset_id": "tetraploid_3", "liquidsolid": "", "n_clones": 2, "n_samples": 2, "mixture_id": 1, "events_id": "A", "seed": 2, "error": 0.08377634852037663, "precision": 0.8907837669976083, "recall": 0.864862356069881, "accuracy": 0.8599355693870798, "error_mirrored": 0.515363886543055, "precision_mirrored": 0.5974534493589285, "recall_mirrored": 0.4850895314956672, "accuracy_mirrored": 0.48504448301628045, "error_small": 0.17178519404561166, "precision_small": 0.7081624049758121, "recall_small": 0.8849360746371804, "accuracy_small": 0.7081624049758121, "method": "hatchet2"}