{"simkey": "dataset_n2_tetraploid_3_1_0", "dataset_id": "tetraploid_3", "liquidsolid": "", "n_clones": 2, "n_samples": 3, "mixture_id": 0, "events_id": "A", "seed": 1, "error": 0.08233211321758267, "precision": 0.8886460224354558, "recall": 0.8883096175004629, "accuracy": 0.8842501519722539, "error_mirrored": 0.3352801449925575, "precision_mirrored": 0.6708718767693022, "recall_mirrored": 0.6655888887027088, "accuracy_mirrored": 0.6655646248964128, "error_small": 0.058546826876411016, "precision_small": 0.9290988251554941, "recall_small": 0.9290988251554941, "accuracy_small": 0.9269832987790833, "method": "hatchet2"}