{"simkey": "dataset_n2_diploid_2_2_2", "dataset_id": "diploid_2", "liquidsolid": "", "n_clones": 2, "n_samples": 2, "mixture_id": 2, "events_id": "A", "seed": 2, "error": 0.017267412476584795, "precision": 0.972921988655011, "recall": 0.9731632496615047, "accuracy": 0.9650516194267293, "error_mirrored": 0.05599682978448515, "precision_mirrored": 0.9985575369916408, "recall_mirrored": 0.9883888153385041, "accuracy_mirrored": 0.9870052498258518, "error_small": 0.013810753565307534, "precision_small": 0.9744675190048376, "recall_small": 0.9956250863856254, "accuracy_small": 0.9744675190048376, "method": "hatchet2"}