{"simkey": "dataset_n2_tetraploid_2_3_0", "dataset_id": "tetraploid_2", "liquidsolid": "", "n_clones": 2, "n_samples": 3, "mixture_id": 0, "events_id": "A", "seed": 3, "error": 0.08394619456407466, "precision": 0.8910079539402991, "recall": 0.894075086191239, "accuracy": 0.8785495364159257, "error_mirrored": 0.28619383403469845, "precision_mirrored": 0.7213010871597265, "recall_mirrored": 0.7151052087538425, "accuracy_mirrored": 0.7150492714122759, "error_small": 0.33532401613003915, "precision_small": 0.5640653075328266, "recall_small": 0.5702584657912924, "accuracy_small": 0.512407279428703, "method": "hatchet2"}