{"simkey": "dataset_n2_tetraploid_3_0_2", "dataset_id": "tetraploid_3", "liquidsolid": "", "n_clones": 2, "n_samples": 2, "mixture_id": 2, "events_id": "A", "seed": 0, "error": 0.07850855321419495, "precision": 0.987733271603027, "recall": 0.8447716300168978, "accuracy": 0.8414284904628959, "error_mirrored": 1.0, "precision_mirrored": 0.0, "recall_mirrored": 0.0, "accuracy_mirrored": 0.0, "error_small": 0.051097836558396684, "precision_small": 0.9592266758811334, "recall_small": 0.9110233241188667, "accuracy_small": 0.9110233241188667, "method": "hatchet1"}