{"simkey": "dataset_n2_tetraploid_1_0_1", "dataset_id": "tetraploid_1", "liquidsolid": "", "n_clones": 2, "n_samples": 2, "mixture_id": 1, "events_id": "A", "seed": 0, "error": 0.07493631499136531, "precision": 0.9383987218319767, "recall": 0.8679550753571664, "accuracy": 0.8631587276211293, "error_mirrored": 0.4929645363105948, "precision_mirrored": 0.804770118770176, "recall_mirrored": 0.5075891971062686, "accuracy_mirrored": 0.5075155037180297, "error_small": 0.2937549170844851, "precision_small": 0.5521769177608846, "recall_small": 0.5483146164478231, "accuracy_small": 0.5483146164478231, "method": "hatchet2"}