{"simkey": "dataset_n2_tetraploid_2_4_0", "dataset_id": "tetraploid_2", "liquidsolid": "", "n_clones": 2, "n_samples": 3, "mixture_id": 0, "events_id": "A", "seed": 4, "error": 0.08679985223143838, "precision": 0.8889132872010835, "recall": 0.8903836703279124, "accuracy": 0.8766664772478873, "error_mirrored": 0.2860452761151842, "precision_mirrored": 0.7210869056920624, "recall_mirrored": 0.715333462450879, "accuracy_mirrored": 0.7151542126081266, "error_small": 0.18765524967408437, "precision_small": 0.740324982722875, "recall_small": 0.73946199032481, "accuracy_small": 0.6886669546187515, "method": "hatchet2"}