{"simkey": "dataset_n2_tetraploid_0_0_2", "dataset_id": "tetraploid_0", "liquidsolid": "", "n_clones": 2, "n_samples": 2, "mixture_id": 2, "events_id": "A", "seed": 0, "error": 0.07804963117538583, "precision": 0.9149717854171949, "recall": 0.8678534589101493, "accuracy": 0.8645508724065303, "error_mirrored": 0.5766505818931789, "precision_mirrored": 0.6268634289394281, "recall_mirrored": 0.42360383398381546, "accuracy_mirrored": 0.423469533175452, "error_small": 0.4085421731167933, "precision_small": 0.36989944713199724, "recall_small": 0.3804440221147201, "accuracy_small": 0.36989944713199724, "method": "hatchet2"}