{"simkey": "dataset_n2_tetraploid_1_3_1", "dataset_id": "tetraploid_1", "liquidsolid": "", "n_clones": 2, "n_samples": 2, "mixture_id": 1, "events_id": "A", "seed": 3, "error": 0.603190548891167, "precision": 0.15191559162209334, "recall": 0.21607603512297824, "accuracy": 0.12267192177117156, "error_mirrored": 1.0, "precision_mirrored": 0.0, "recall_mirrored": 0.0, "accuracy_mirrored": 0.0, "error_small": 0.5983170776679336, "precision_small": 0.2760884588804423, "recall_small": 0.2760884588804423, "accuracy_small": 0.1840589725869616, "method": "hatchet1"}