{"simkey": "dataset_n2_diploid_3_3_2", "dataset_id": "diploid_3", "liquidsolid": "", "n_clones": 2, "n_samples": 2, "mixture_id": 2, "events_id": "A", "seed": 3, "error": 0.09552450692884196, "precision": 0.9794808417110703, "recall": 0.8099347525228507, "accuracy": 0.8036831494373717, "error_mirrored": 1.0, "precision_mirrored": 0.0, "recall_mirrored": 0.0, "accuracy_mirrored": 0.0, "error_small": 0.08536128023220446, "precision_small": 1.0, "recall_small": 0.8308567726330338, "accuracy_small": 0.8308567726330338, "method": "hatchet1"}