{"simkey": "dataset_n2_tetraploid_1_0_0", "dataset_id": "tetraploid_1", "liquidsolid": "", "n_clones": 2, "n_samples": 3, "mixture_id": 0, "events_id": "A", "seed": 0, "error": 0.6882588989726122, "precision": 0.22215904790308014, "recall": 0.2879367494648542, "accuracy": 0.1745970678802088, "error_mirrored": 0.9999452253208637, "precision_mirrored": 0.0025125628772000724, "recall_mirrored": 0.00010090705391123632, "accuracy_mirrored": 9.702040677270547e-05, "error_small": 0.5353806640251092, "precision_small": 0.6328614374568072, "recall_small": 0.4796133379405667, "accuracy_small": 0.3708249251324579, "method": "hatchet1"}