{"simkey": "dataset_n2_tetraploid_4_2_1", "dataset_id": "tetraploid_4", "liquidsolid": "", "n_clones": 2, "n_samples": 2, "mixture_id": 1, "events_id": "A", "seed": 2, "error": 0.10343042043265963, "precision": 0.8775744402918538, "recall": 0.8249270400492764, "accuracy": 0.8096522519723246, "error_mirrored": 0.625554934906346, "precision_mirrored": 0.5831167933714528, "recall_mirrored": 0.3749393725472961, "accuracy_mirrored": 0.3747574265958927, "error_small": 0.058436337249481676, "precision_small": 0.9088571181755356, "recall_small": 0.9240006910850035, "accuracy_small": 0.9088571181755356, "method": "hatchet2"}