{"simkey": "dataset_n2_tetraploid_3_3_1", "dataset_id": "tetraploid_3", "liquidsolid": "", "n_clones": 2, "n_samples": 2, "mixture_id": 1, "events_id": "A", "seed": 3, "error": 0.08489104683367346, "precision": 0.8909536049505312, "recall": 0.8645764792780738, "accuracy": 0.8599263952413159, "error_mirrored": 0.5162179953802368, "precision_mirrored": 0.5976098067094862, "recall_mirrored": 0.48553572361607455, "accuracy_mirrored": 0.48546731044906916, "error_small": 0.14006211526658607, "precision_small": 0.7654528334485141, "recall_small": 0.901387007601935, "accuracy_small": 0.7490019004837595, "method": "hatchet2"}