{"simkey": "dataset_n2_diploid_0_4_1", "dataset_id": "diploid_0", "liquidsolid": "", "n_clones": 2, "n_samples": 2, "mixture_id": 1, "events_id": "A", "seed": 4, "error": 0.013225496914671203, "precision": 0.9839659164939956, "recall": 0.9838973421787124, "accuracy": 0.9790575130592003, "error_mirrored": 0.08053620068488526, "precision_mirrored": 0.9990174972827248, "recall_mirrored": 0.9982428793372266, "accuracy_mirrored": 0.9974032027018555, "error_small": 0.14905423246855568, "precision_small": 0.7379417760884589, "recall_small": 0.7379417760884589, "accuracy_small": 0.689975927205713, "method": "hatchet2"}