{"simkey": "dataset_n2_tetraploid_4_0_2", "dataset_id": "tetraploid_4", "liquidsolid": "", "n_clones": 2, "n_samples": 2, "mixture_id": 2, "events_id": "A", "seed": 0, "error": 0.6360708814899996, "precision": 0.1410799935789092, "recall": 0.20901089798829017, "accuracy": 0.11677918394115297, "error_mirrored": 1.0, "precision_mirrored": 0.0, "recall_mirrored": 0.0, "accuracy_mirrored": 0.0, "error_small": 0.5917092921062543, "precision_small": 0.16378714581893572, "recall_small": 0.32757429163787144, "accuracy_small": 0.16378714581893572, "method": "hatchet1"}