{"simkey": "dataset_n2_tetraploid_1_4_0", "dataset_id": "tetraploid_1", "liquidsolid": "", "n_clones": 2, "n_samples": 3, "mixture_id": 0, "events_id": "A", "seed": 4, "error": 0.6882456361499815, "precision": 0.22230406506459113, "recall": 0.28810515049915975, "accuracy": 0.17468343709441359, "error_mirrored": 1.0, "precision_mirrored": 0.0, "recall_mirrored": 0.0, "accuracy_mirrored": 0.0, "error_small": 0.5353216010665742, "precision_small": 0.6328614374568072, "recall_small": 0.4796133379405667, "accuracy_small": 0.3708249251324579, "method": "hatchet1"}