{"simkey": "dataset_n2_diploid_4_2_1", "dataset_id": "diploid_4", "liquidsolid": "", "n_clones": 2, "n_samples": 2, "mixture_id": 1, "events_id": "A", "seed": 2, "error": 0.016577497518900208, "precision": 0.9787232690586813, "recall": 0.9768855092556045, "accuracy": 0.9700082015134289, "error_mirrored": 0.08722606435748496, "precision_mirrored": 0.9998556040666873, "recall_mirrored": 0.9834181150878829, "accuracy_mirrored": 0.9832784678307528, "error_small": 0.07596178518659294, "precision_small": 0.9489637180373186, "recall_small": 0.8922947477539738, "accuracy_small": 0.8860423865468785, "method": "hatchet2"}