{"simkey": "dataset_n2_tetraploid_4_0_0", "dataset_id": "tetraploid_4", "liquidsolid": "", "n_clones": 2, "n_samples": 3, "mixture_id": 0, "events_id": "A", "seed": 0, "error": 0.09168120293178875, "precision": 0.8757951309564275, "recall": 0.8749888092759112, "accuracy": 0.8626765078500155, "error_mirrored": 0.27773673744104693, "precision_mirrored": 0.7303023396027626, "recall_mirrored": 0.7231024344608435, "accuracy_mirrored": 0.7230836907395134, "error_small": 0.061131145630822434, "precision_small": 0.9280155494125778, "recall_small": 0.9280155494125778, "accuracy_small": 0.9280155494125778, "method": "hatchet2"}