{"simkey": "dataset_n2_tetraploid_0_2_0", "dataset_id": "tetraploid_0", "liquidsolid": "", "n_clones": 2, "n_samples": 3, "mixture_id": 0, "events_id": "A", "seed": 2, "error": 0.062020193530329885, "precision": 0.9154310260517867, "recall": 0.9154895705529621, "accuracy": 0.9122753673592155, "error_mirrored": 0.2544107468575863, "precision_mirrored": 0.7474121932956119, "recall_mirrored": 0.7463431428677026, "accuracy_mirrored": 0.7460439742331992, "error_small": 0.4197898926565883, "precision_small": 0.42941689702833447, "recall_small": 0.4384732204561161, "accuracy_small": 0.4238624740843124, "method": "hatchet2"}