{"simkey": "dataset_n2_tetraploid_2_0_0", "dataset_id": "tetraploid_2", "liquidsolid": "", "n_clones": 2, "n_samples": 3, "mixture_id": 0, "events_id": "A", "seed": 0, "error": 0.08200145060381125, "precision": 0.8936480645277206, "recall": 0.8943251059063225, "accuracy": 0.8817761303019299, "error_mirrored": 0.28474326051209786, "precision_mirrored": 0.7218615134896685, "recall_mirrored": 0.7166781367132059, "accuracy_mirrored": 0.7166230221554788, "error_small": 0.34132693243003903, "precision_small": 0.5564597442985487, "recall_small": 0.5555967519004837, "accuracy_small": 0.5048017161944253, "method": "hatchet2"}