{"simkey": "dataset_n2_tetraploid_3_0_0", "dataset_id": "tetraploid_3", "liquidsolid": "", "n_clones": 2, "n_samples": 3, "mixture_id": 0, "events_id": "A", "seed": 0, "error": 0.0807731062000921, "precision": 0.891745904799957, "recall": 0.8915848823063254, "accuracy": 0.8872504710774712, "error_mirrored": 0.3402251349473178, "precision_mirrored": 0.6715172643126773, "recall_mirrored": 0.6678450601262532, "accuracy_mirrored": 0.6678161375861416, "error_small": 0.16535124583850488, "precision_small": 0.8005107118175535, "recall_small": 0.9814789219073946, "accuracy_small": 0.8005107118175535, "method": "hatchet2"}