{"simkey": "dataset_n2_diploid_1_4_2", "dataset_id": "diploid_1", "liquidsolid": "", "n_clones": 2, "n_samples": 2, "mixture_id": 2, "events_id": "A", "seed": 4, "error": 0.017166446789122308, "precision": 0.9803238531711352, "recall": 0.9803136630225213, "accuracy": 0.9760186729001553, "error_mirrored": 0.08361134819560295, "precision_mirrored": 0.9971008019045394, "recall_mirrored": 0.9822378716299978, "accuracy_mirrored": 0.9801027604224253, "error_small": 0.014840958713890812, "precision_small": 0.9773310297166552, "recall_small": 0.9773310297166552, "accuracy_small": 0.9773310297166552, "method": "hatchet2"}