{"simkey": "dataset_n2_diploid_3_3_0", "dataset_id": "diploid_3", "liquidsolid": "", "n_clones": 2, "n_samples": 3, "mixture_id": 0, "events_id": "A", "seed": 3, "error": 0.12676211931873851, "precision": 0.9800165969752705, "recall": 0.8110390742077948, "accuracy": 0.8043348176160675, "error_mirrored": 1.0, "precision_mirrored": 0.0, "recall_mirrored": 0.0, "accuracy_mirrored": 0.0, "error_small": 0.12779729911082705, "precision_small": 0.9811681064270905, "recall_small": 0.8139255355908777, "accuracy_small": 0.8132919834139599, "method": "hatchet1"}