{"simkey": "dataset_n2_tetraploid_1_4_1", "dataset_id": "tetraploid_1", "liquidsolid": "", "n_clones": 2, "n_samples": 2, "mixture_id": 1, "events_id": "A", "seed": 4, "error": 0.6032450020696506, "precision": 0.15186788361852244, "recall": 0.21596232481838748, "accuracy": 0.12261811566845089, "error_mirrored": 1.0, "precision_mirrored": 0.0, "recall_mirrored": 0.0, "accuracy_mirrored": 0.0, "error_small": 0.5987414583578093, "precision_small": 0.2760884588804423, "recall_small": 0.2760884588804423, "accuracy_small": 0.1840589725869616, "method": "hatchet1"}