{"simkey": "dataset_n2_tetraploid_2_1_0", "dataset_id": "tetraploid_2", "liquidsolid": "", "n_clones": 2, "n_samples": 3, "mixture_id": 0, "events_id": "A", "seed": 1, "error": 0.10489517505852415, "precision": 0.9553219051725529, "recall": 0.8519144593146272, "accuracy": 0.8409571662543003, "error_mirrored": 0.9998183175161488, "precision_mirrored": 1.0, "recall_mirrored": 0.00018176068033982348, "accuracy_mirrored": 0.00018176068033982348, "error_small": 0.13577968728589054, "precision_small": 0.9638909813407049, "recall_small": 0.8170350725639254, "accuracy_small": 0.8085694540428473, "method": "hatchet1"}