{"simkey": "dataset_n2_diploid_3_4_0", "dataset_id": "diploid_3", "liquidsolid": "", "n_clones": 2, "n_samples": 3, "mixture_id": 0, "events_id": "A", "seed": 4, "error": 0.12661847557994402, "precision": 0.9802641978666737, "recall": 0.8109068776317025, "accuracy": 0.8045230174360248, "error_mirrored": 1.0, "precision_mirrored": 0.0, "recall_mirrored": 0.0, "accuracy_mirrored": 0.0, "error_small": 0.13872723122644576, "precision_small": 0.9673464063579821, "recall_small": 0.8120248790601244, "accuracy_small": 0.8080511978806727, "method": "hatchet1"}