{"simkey": "dataset_n2_diploid_0_4_0", "dataset_id": "diploid_0", "liquidsolid": "", "n_clones": 2, "n_samples": 3, "mixture_id": 0, "events_id": "A", "seed": 4, "error": 0.012432905990316961, "precision": 0.9840519478025722, "recall": 0.9842218792380423, "accuracy": 0.9791668515196786, "error_mirrored": 0.019433172702720665, "precision_mirrored": 0.9993540588931109, "recall_mirrored": 0.9988283112944105, "accuracy_mirrored": 0.998185440907504, "error_small": 0.14096164773393222, "precision_small": 0.8011522114720111, "recall_small": 0.8016110919143055, "accuracy_small": 0.7417483298779084, "method": "hatchet2"}