{"simkey": "dataset_n2_diploid_4_2_0", "dataset_id": "diploid_4", "liquidsolid": "", "n_clones": 2, "n_samples": 3, "mixture_id": 0, "events_id": "A", "seed": 2, "error": 0.09923316538966884, "precision": 0.9784010338679997, "recall": 0.8518708996855219, "accuracy": 0.844711976751702, "error_mirrored": 1.0, "precision_mirrored": 0.0, "recall_mirrored": 0.0, "accuracy_mirrored": 0.0, "error_small": 0.21831431172287488, "precision_small": 0.9554253628196269, "recall_small": 0.6812375604699378, "accuracy_small": 0.6812375604699378, "method": "hatchet1"}