{"simkey": "dataset_n2_tetraploid_3_0_1", "dataset_id": "tetraploid_3", "liquidsolid": "", "n_clones": 2, "n_samples": 2, "mixture_id": 1, "events_id": "A", "seed": 0, "error": 0.08557807299141604, "precision": 0.8911225782358082, "recall": 0.8613838892247346, "accuracy": 0.8570080682272746, "error_mirrored": 0.515569102207218, "precision_mirrored": 0.5977947371474063, "recall_mirrored": 0.4858255974913477, "accuracy_mirrored": 0.48571483580547375, "error_small": 0.14037802708310299, "precision_small": 0.7905540774015204, "recall_small": 0.8884421216309606, "accuracy_small": 0.7409412577747063, "method": "hatchet2"}