{"simkey": "dataset_n2_diploid_4_0_1", "dataset_id": "diploid_4", "liquidsolid": "", "n_clones": 2, "n_samples": 2, "mixture_id": 1, "events_id": "A", "seed": 0, "error": 0.07493675303513579, "precision": 0.9780167095467428, "recall": 0.851120918350944, "accuracy": 0.8441577417534274, "error_mirrored": 1.0, "precision_mirrored": 0.0, "recall_mirrored": 0.0, "accuracy_mirrored": 0.0, "error_small": 0.2246513817715965, "precision_small": 0.9241532480995163, "recall_small": 0.6414998272287491, "accuracy_small": 0.6254320433079936, "method": "hatchet1"}