{"simkey": "dataset_n2_tetraploid_0_0_1", "dataset_id": "tetraploid_0", "liquidsolid": "", "n_clones": 2, "n_samples": 2, "mixture_id": 1, "events_id": "A", "seed": 0, "error": 0.07839543640779602, "precision": 0.9883595475360314, "recall": 0.8458239054241287, "accuracy": 0.842618492229281, "error_mirrored": 1.0, "precision_mirrored": 0.0, "recall_mirrored": 0.0, "accuracy_mirrored": 0.0, "error_small": 0.1667381898806151, "precision_small": 0.9403940912232205, "recall_small": 0.6812375604699378, "accuracy_small": 0.6762271366044691, "method": "hatchet1"}