{"simkey": "dataset_n2_tetraploid_0_2_0", "dataset_id": "tetraploid_0", "liquidsolid": "", "n_clones": 2, "n_samples": 3, "mixture_id": 0, "events_id": "A", "seed": 2, "error": 0.10415405662439196, "precision": 0.9875818453745742, "recall": 0.8469570801679864, "accuracy": 0.8418109318166315, "error_mirrored": 1.0, "precision_mirrored": 0.0, "recall_mirrored": 0.0, "accuracy_mirrored": 0.0, "error_small": 0.2141010073659411, "precision_small": 0.9638909813407049, "recall_small": 0.698168797512094, "accuracy_small": 0.6897031789910159, "method": "hatchet1"}