{"simkey": "dataset_n2_diploid_4_0_0", "dataset_id": "diploid_4", "liquidsolid": "", "n_clones": 2, "n_samples": 3, "mixture_id": 0, "events_id": "A", "seed": 0, "error": 0.09947755130547592, "precision": 0.97817454861373, "recall": 0.8515763373772606, "accuracy": 0.8443889390466448, "error_mirrored": 1.0, "precision_mirrored": 0.0, "recall_mirrored": 0.0, "accuracy_mirrored": 0.0, "error_small": 0.20586253167542048, "precision_small": 0.972356599861783, "recall_small": 0.698168797512094, "accuracy_small": 0.698168797512094, "method": "hatchet1"}