{"simkey": "dataset_n2_diploid_2_1_0", "dataset_id": "diploid_2", "liquidsolid": "", "n_clones": 2, "n_samples": 3, "mixture_id": 0, "events_id": "A", "seed": 1, "error": 0.01848110311798301, "precision": 0.9741876672264105, "recall": 0.9743296762147902, "accuracy": 0.9663549875041901, "error_mirrored": 0.009883817468209748, "precision_mirrored": 0.9997682640359848, "recall_mirrored": 0.998487519920629, "accuracy_mirrored": 0.9982785092382598, "error_small": 0.13153194817636493, "precision_small": 0.8364730476848652, "recall_small": 0.8507798894263995, "accuracy_small": 0.8312682561621746, "method": "hatchet2"}