{"simkey": "dataset_n2_tetraploid_2_2_2", "dataset_id": "tetraploid_2", "liquidsolid": "", "n_clones": 2, "n_samples": 2, "mixture_id": 2, "events_id": "A", "seed": 2, "error": 0.07938433387513058, "precision": 0.9549281499845342, "recall": 0.8515506886632381, "accuracy": 0.8406120021882566, "error_mirrored": 1.0, "precision_mirrored": 0.0, "recall_mirrored": 0.0, "accuracy_mirrored": 0.0, "error_small": 0.10683952972633019, "precision_small": 0.9554253628196269, "recall_small": 0.8001038355217692, "accuracy_small": 0.8001038355217692, "method": "hatchet1"}