{"simkey": "dataset_n2_tetraploid_0_3_0", "dataset_id": "tetraploid_0", "liquidsolid": "", "n_clones": 2, "n_samples": 3, "mixture_id": 0, "events_id": "A", "seed": 3, "error": 0.06154859388409629, "precision": 0.9157007986841748, "recall": 0.9156795873289396, "accuracy": 0.9125310600629745, "error_mirrored": 0.2543618157688037, "precision_mirrored": 0.7473663286964478, "recall_mirrored": 0.7465305253071703, "accuracy_mirrored": 0.7462086436682394, "error_small": 0.46115109834911316, "precision_small": 0.3812992398064962, "recall_small": 0.39035556323427784, "accuracy_small": 0.3812992398064962, "method": "hatchet2"}