{"simkey": "dataset_n2_tetraploid_0_4_2", "dataset_id": "tetraploid_0", "liquidsolid": "", "n_clones": 2, "n_samples": 2, "mixture_id": 2, "events_id": "A", "seed": 4, "error": 0.07729965189898974, "precision": 0.9891877909212601, "recall": 0.8462695209503558, "accuracy": 0.8432745622963588, "error_mirrored": 1.0, "precision_mirrored": 0.0, "recall_mirrored": 0.0, "accuracy_mirrored": 0.0, "error_small": 0.1781852889557706, "precision_small": 0.9253628196268141, "recall_small": 0.6662062888735314, "accuracy_small": 0.6662062888735314, "method": "hatchet1"}