{"simkey": "dataset_n2_tetraploid_3_1_2", "dataset_id": "tetraploid_3", "liquidsolid": "", "n_clones": 2, "n_samples": 2, "mixture_id": 2, "events_id": "A", "seed": 1, "error": 0.07952712244188116, "precision": 0.9874517239286129, "recall": 0.844640379921915, "accuracy": 0.8412423637615534, "error_mirrored": 1.0, "precision_mirrored": 0.0, "recall_mirrored": 0.0, "accuracy_mirrored": 0.0, "error_small": 0.03659147995853491, "precision_small": 0.9830687629578438, "recall_small": 0.9348654111955771, "accuracy_small": 0.9348654111955771, "method": "hatchet1"}