{"simkey": "dataset_n2_diploid_1_2_0", "dataset_id": "diploid_1", "liquidsolid": "", "n_clones": 2, "n_samples": 3, "mixture_id": 0, "events_id": "A", "seed": 2, "error": 0.1159049589406863, "precision": 0.985743193520557, "recall": 0.9861245011336437, "accuracy": 0.9813350192622643, "error_mirrored": 0.7013298690301011, "precision_mirrored": 0.9962217917792595, "recall_mirrored": 0.9980077210900384, "accuracy_mirrored": 0.9943416581797775, "error_small": 0.03716818975812029, "precision_small": 0.9554253628196269, "recall_small": 0.9554253628196269, "accuracy_small": 0.9554253628196269, "method": "hatchet1"}