{"simkey": "dataset_n2_diploid_0_2_0", "dataset_id": "diploid_0", "liquidsolid": "", "n_clones": 2, "n_samples": 3, "mixture_id": 0, "events_id": "A", "seed": 2, "error": 0.012265207292513142, "precision": 0.9837486951948503, "recall": 0.9837418823557825, "accuracy": 0.9788365277253902, "error_mirrored": 0.0167649613620504, "precision_mirrored": 0.9999480530029524, "recall_mirrored": 0.9964048110764118, "accuracy_mirrored": 0.9963532369168342, "error_small": 0.17632965556486982, "precision_small": 0.7533702487906012, "recall_small": 0.7533702487906012, "accuracy_small": 0.7123208938032711, "method": "hatchet2"}