{"simkey": "dataset_n2_tetraploid_2_2_0", "dataset_id": "tetraploid_2", "liquidsolid": "", "n_clones": 2, "n_samples": 3, "mixture_id": 0, "events_id": "A", "seed": 2, "error": 0.10863132143585617, "precision": 0.9506347564716325, "recall": 0.8515459726641185, "accuracy": 0.8362330567651722, "error_mirrored": 1.0, "precision_mirrored": 0.0, "recall_mirrored": 0.0, "accuracy_mirrored": 0.0, "error_small": 0.13626822179647552, "precision_small": 0.9638909813407049, "recall_small": 0.8170350725639254, "accuracy_small": 0.8085694540428473, "method": "hatchet1"}