{"simkey": "dataset_n2_diploid_2_3_2", "dataset_id": "diploid_2", "liquidsolid": "", "n_clones": 2, "n_samples": 2, "mixture_id": 2, "events_id": "A", "seed": 3, "error": 0.018539396322145053, "precision": 0.9755459137219754, "recall": 0.9756582329105121, "accuracy": 0.9676832388970565, "error_mirrored": 0.08834995476631756, "precision_mirrored": 0.9995853577808608, "recall_mirrored": 0.9986631822913367, "accuracy_mirrored": 0.9982616468416802, "error_small": 0.10332767100760187, "precision_small": 0.8621890117484451, "recall_small": 0.8602403248099516, "accuracy_small": 0.8413506680488368, "method": "hatchet2"}