{"simkey": "dataset_n2_tetraploid_4_4_0", "dataset_id": "tetraploid_4", "liquidsolid": "", "n_clones": 2, "n_samples": 3, "mixture_id": 0, "events_id": "A", "seed": 4, "error": 0.09232748685647776, "precision": 0.8755818438216081, "recall": 0.8732768211488544, "accuracy": 0.8610127979793772, "error_mirrored": 0.277911233205536, "precision_mirrored": 0.7303754501552936, "recall_mirrored": 0.7234065346458777, "accuracy_mirrored": 0.7233284180550745, "error_small": 0.1018112222752246, "precision_small": 0.8778633379405667, "recall_small": 0.8799457498272287, "accuracy_small": 0.8778633379405667, "method": "hatchet2"}