{"simkey": "dataset_n2_tetraploid_1_4_0", "dataset_id": "tetraploid_1", "liquidsolid": "", "n_clones": 2, "n_samples": 3, "mixture_id": 0, "events_id": "A", "seed": 4, "error": 0.051307950616201886, "precision": 0.9318751100513644, "recall": 0.9323442886704499, "accuracy": 0.9247760336687756, "error_mirrored": 0.13186210751939773, "precision_mirrored": 0.876085011302248, "recall_mirrored": 0.8695674082171311, "accuracy_mirrored": 0.8695354851769094, "error_small": 0.3351389322145818, "precision_small": 0.5444523151347616, "recall_small": 0.5444523151347616, "accuracy_small": 0.5444523151347616, "method": "hatchet2"}