{"simkey": "dataset_n2_tetraploid_3_0_0", "dataset_id": "tetraploid_3", "liquidsolid": "", "n_clones": 2, "n_samples": 3, "mixture_id": 0, "events_id": "A", "seed": 0, "error": 0.10409997397289292, "precision": 0.9878347297011716, "recall": 0.8454301515561674, "accuracy": 0.8417177733589708, "error_mirrored": 1.0, "precision_mirrored": 0.0, "recall_mirrored": 0.0, "accuracy_mirrored": 0.0, "error_small": 0.06484359342432623, "precision_small": 0.9592266758811334, "recall_small": 0.9110233241188667, "accuracy_small": 0.9110233241188667, "method": "hatchet1"}