{"simkey": "dataset_n2_tetraploid_1_1_0", "dataset_id": "tetraploid_1", "liquidsolid": "", "n_clones": 2, "n_samples": 3, "mixture_id": 0, "events_id": "A", "seed": 1, "error": 0.055314688266345016, "precision": 0.9266166767380735, "recall": 0.9265137408831614, "accuracy": 0.9188428454730536, "error_mirrored": 0.13219118844870373, "precision_mirrored": 0.8759724455008635, "recall_mirrored": 0.8682165626565815, "accuracy_mirrored": 0.8682165626565815, "error_small": 0.3514918101137989, "precision_small": 0.5209481686247408, "recall_small": 0.5209481686247408, "accuracy_small": 0.5209481686247408, "method": "hatchet2"}