{"simkey": "dataset_n2_tetraploid_3_0_2", "dataset_id": "tetraploid_3", "liquidsolid": "", "n_clones": 2, "n_samples": 2, "mixture_id": 2, "events_id": "A", "seed": 0, "error": 0.08261299500182939, "precision": 0.8967646852269558, "recall": 0.8702115849957857, "accuracy": 0.8667567305441847, "error_mirrored": 0.5310190283270237, "precision_mirrored": 0.5974102521488375, "recall_mirrored": 0.48658974135546257, "accuracy_mirrored": 0.48605696036806245, "error_small": 0.05781128242156189, "precision_small": 0.9534117138908086, "recall_small": 0.9076611955770559, "accuracy_small": 0.9037988942639945, "method": "hatchet2"}