{"simkey": "dataset_n2_diploid_0_4_1", "dataset_id": "diploid_0", "liquidsolid": "", "n_clones": 2, "n_samples": 2, "mixture_id": 1, "events_id": "A", "seed": 4, "error": 0.0665949875242659, "precision": 0.9833676524730887, "recall": 0.8675384682226517, "accuracy": 0.8625959221202221, "error_mirrored": 1.0, "precision_mirrored": 0.0, "recall_mirrored": 0.0, "accuracy_mirrored": 0.0, "error_small": 0.11449770347892196, "precision_small": 0.8289561161022806, "recall_small": 0.7722871458189358, "accuracy_small": 0.7165396222068647, "method": "hatchet1"}