{"simkey": "dataset_n2_diploid_3_1_2", "dataset_id": "diploid_3", "liquidsolid": "", "n_clones": 2, "n_samples": 2, "mixture_id": 2, "events_id": "A", "seed": 1, "error": 0.018024851646947063, "precision": 0.9757466258931035, "recall": 0.975903590987067, "accuracy": 0.9693663722003404, "error_mirrored": 0.06781286245935172, "precision_mirrored": 0.9997058098939278, "recall_mirrored": 0.9855296826070262, "accuracy_mirrored": 0.9852763281305998, "error_small": 0.22338694109882518, "precision_small": 0.8075936420179682, "recall_small": 0.8181382170006911, "accuracy_small": 0.7565109421792209, "method": "hatchet2"}