{"simkey": "dataset_n2_tetraploid_1_2_0", "dataset_id": "tetraploid_1", "liquidsolid": "", "n_clones": 2, "n_samples": 3, "mixture_id": 0, "events_id": "A", "seed": 2, "error": 0.04856172039840306, "precision": 0.9363987224255633, "recall": 0.936779155803658, "accuracy": 0.930738747105669, "error_mirrored": 0.13200284974216658, "precision_mirrored": 0.8759723610996765, "recall_mirrored": 0.8683981394773863, "accuracy_mirrored": 0.8683981394773863, "error_small": 0.35236828066203646, "precision_small": 0.5218897719419489, "recall_small": 0.5218897719419489, "accuracy_small": 0.5218897719419489, "method": "hatchet2"}