{"simkey": "dataset_n2_diploid_1_0_0", "dataset_id": "diploid_1", "liquidsolid": "", "n_clones": 2, "n_samples": 3, "mixture_id": 0, "events_id": "A", "seed": 0, "error": 0.1159520787435617, "precision": 0.9859181946529587, "recall": 0.9855932712145681, "accuracy": 0.9811525361706064, "error_mirrored": 0.7019992762025747, "precision_mirrored": 0.9985431612985104, "recall_mirrored": 0.995495160606371, "accuracy_mirrored": 0.9945348669900584, "error_small": 0.037161779153651354, "precision_small": 0.9554253628196269, "recall_small": 0.9554253628196269, "accuracy_small": 0.9554253628196269, "method": "hatchet1"}