{"simkey": "dataset_n2_diploid_2_2_1", "dataset_id": "diploid_2", "liquidsolid": "", "n_clones": 2, "n_samples": 2, "mixture_id": 1, "events_id": "A", "seed": 2, "error": 0.07852760252239627, "precision": 0.9744350160828582, "recall": 0.8446603676643453, "accuracy": 0.8358960673741663, "error_mirrored": 1.0, "precision_mirrored": 0.0, "recall_mirrored": 0.0, "accuracy_mirrored": 0.0, "error_small": 0.14847896959675194, "precision_small": 0.9861782999308915, "recall_small": 0.7154459225984796, "accuracy_small": 0.7028913268832067, "method": "hatchet1"}