{"simkey": "dataset_n2_diploid_0_1_0", "dataset_id": "diploid_0", "liquidsolid": "", "n_clones": 2, "n_samples": 3, "mixture_id": 0, "events_id": "A", "seed": 1, "error": 0.08770462392358598, "precision": 0.9791112222627883, "recall": 0.9790933083304316, "accuracy": 0.975370305494682, "error_mirrored": 0.7024716583027131, "precision_mirrored": 0.9982729990046282, "recall_mirrored": 0.9946121353375598, "accuracy_mirrored": 0.9929729314420334, "error_small": 0.27365098577608843, "precision_small": 0.65860400829302, "recall_small": 0.6605046648237733, "accuracy_small": 0.6546303271135683, "method": "hatchet1"}