{"simkey": "dataset_n2_tetraploid_4_2_0", "dataset_id": "tetraploid_4", "liquidsolid": "", "n_clones": 2, "n_samples": 3, "mixture_id": 0, "events_id": "A", "seed": 2, "error": 0.690280234173497, "precision": 0.13340385979771216, "recall": 0.19752903872120636, "accuracy": 0.11563331112578261, "error_mirrored": 1.0, "precision_mirrored": 0.0, "recall_mirrored": 0.0, "accuracy_mirrored": 0.0, "error_small": 0.8258872574694771, "precision_small": 0.008465618521078093, "recall_small": 0.016931237042156187, "accuracy_small": 0.008465618521078093, "method": "hatchet1"}