{"simkey": "dataset_n2_diploid_3_2_0", "dataset_id": "diploid_3", "liquidsolid": "", "n_clones": 2, "n_samples": 3, "mixture_id": 0, "events_id": "A", "seed": 2, "error": 0.015757724709311045, "precision": 0.9794967298791218, "recall": 0.9796686029599517, "accuracy": 0.9730302595656243, "error_mirrored": 0.01469515045767415, "precision_mirrored": 0.9999528763936012, "recall_mirrored": 0.9974391288400335, "accuracy_mirrored": 0.9973922462739067, "error_small": 0.02009160134058974, "precision_small": 0.9816950587422253, "recall_small": 0.9907513821700069, "accuracy_small": 0.9786121861322276, "method": "hatchet2"}