{"simkey": "dataset_n2_diploid_0_3_0", "dataset_id": "diploid_0", "liquidsolid": "", "n_clones": 2, "n_samples": 3, "mixture_id": 0, "events_id": "A", "seed": 3, "error": 0.012349502147323466, "precision": 0.9835431891505494, "recall": 0.9837202425235682, "accuracy": 0.9786518553717335, "error_mirrored": 0.017791303955577754, "precision_mirrored": 0.9999231859626367, "recall_mirrored": 0.9961535343877406, "accuracy_mirrored": 0.9960773101164759, "error_small": 0.18297760612808112, "precision_small": 0.7469856599861783, "recall_small": 0.7636489288182446, "accuracy_small": 0.7019347500575904, "method": "hatchet2"}