{"simkey": "dataset_n2_tetraploid_4_2_0", "dataset_id": "tetraploid_4", "liquidsolid": "", "n_clones": 2, "n_samples": 3, "mixture_id": 0, "events_id": "A", "seed": 2, "error": 0.08908666978289724, "precision": 0.8778975861325305, "recall": 0.8765250195432887, "accuracy": 0.864300650972401, "error_mirrored": 0.278450919215075, "precision_mirrored": 0.7301033256860996, "recall_mirrored": 0.7228478283516552, "accuracy_mirrored": 0.722723896860852, "error_small": 0.10486632844448289, "precision_small": 0.8751703524533517, "recall_small": 0.8751703524533517, "accuracy_small": 0.8751703524533517, "method": "hatchet2"}