{"simkey": "dataset_n2_tetraploid_3_1_1", "dataset_id": "tetraploid_3", "liquidsolid": "", "n_clones": 2, "n_samples": 2, "mixture_id": 1, "events_id": "A", "seed": 1, "error": 0.08523147522109785, "precision": 0.8910544011754356, "recall": 0.8618196763922343, "accuracy": 0.8573788693522693, "error_mirrored": 0.5157299156927093, "precision_mirrored": 0.5977791046916613, "recall_mirrored": 0.48576089896607805, "accuracy_mirrored": 0.4856822201074308, "error_small": 0.15060610996371804, "precision_small": 0.7649158604008293, "recall_small": 0.8787442985487215, "accuracy_small": 0.726359191430546, "method": "hatchet2"}