{"simkey": "dataset_n2_tetraploid_3_4_2", "dataset_id": "tetraploid_3", "liquidsolid": "", "n_clones": 2, "n_samples": 2, "mixture_id": 2, "events_id": "A", "seed": 4, "error": 0.08444077048476238, "precision": 0.8911409397508003, "recall": 0.8628082137393538, "accuracy": 0.8579274406722525, "error_mirrored": 0.517562854022062, "precision_mirrored": 0.5980666684446122, "recall_mirrored": 0.48667340440416323, "accuracy_mirrored": 0.48660209788699105, "error_small": 0.1403456408813062, "precision_small": 0.7929675190048376, "recall_small": 0.9153106427090533, "accuracy_small": 0.7651610228058051, "method": "hatchet2"}