{"simkey": "dataset_n2_tetraploid_1_2_2", "dataset_id": "tetraploid_1", "liquidsolid": "", "n_clones": 2, "n_samples": 2, "mixture_id": 2, "events_id": "A", "seed": 2, "error": 0.6032782153314133, "precision": 0.15210737860356918, "recall": 0.21634721506708193, "accuracy": 0.12282900978839506, "error_mirrored": 1.0, "precision_mirrored": 0.0, "recall_mirrored": 0.0, "accuracy_mirrored": 0.0, "error_small": 0.5984987875224604, "precision_small": 0.2760884588804423, "recall_small": 0.2760884588804423, "accuracy_small": 0.1840589725869616, "method": "hatchet1"}