{"simkey": "dataset_n2_tetraploid_1_0_2", "dataset_id": "tetraploid_1", "liquidsolid": "", "n_clones": 2, "n_samples": 2, "mixture_id": 2, "events_id": "A", "seed": 0, "error": 0.6030998338878691, "precision": 0.15190672819140613, "recall": 0.2159346005970749, "accuracy": 0.12262458816100474, "error_mirrored": 1.0, "precision_mirrored": 0.0, "recall_mirrored": 0.0, "accuracy_mirrored": 0.0, "error_small": 0.5979799979550795, "precision_small": 0.2760884588804423, "recall_small": 0.2760884588804423, "accuracy_small": 0.1840589725869616, "method": "hatchet1"}