{"simkey": "dataset_n2_diploid_4_3_0", "dataset_id": "diploid_4", "liquidsolid": "", "n_clones": 2, "n_samples": 3, "mixture_id": 0, "events_id": "A", "seed": 3, "error": 0.09936072704233109, "precision": 0.9784542135092249, "recall": 0.8518729738727546, "accuracy": 0.8446877757005568, "error_mirrored": 1.0, "precision_mirrored": 0.0, "recall_mirrored": 0.0, "accuracy_mirrored": 0.0, "error_small": 0.21834532908339088, "precision_small": 0.9554253628196269, "recall_small": 0.6812375604699378, "accuracy_small": 0.6812375604699378, "method": "hatchet1"}