{"simkey": "dataset_n2_tetraploid_4_0_1", "dataset_id": "tetraploid_4", "liquidsolid": "", "n_clones": 2, "n_samples": 2, "mixture_id": 1, "events_id": "A", "seed": 0, "error": 0.10350878090434976, "precision": 0.8772187821763162, "recall": 0.8216323130586676, "accuracy": 0.8082632884096349, "error_mirrored": 0.6352174574080496, "precision_mirrored": 0.5777771270543647, "recall_mirrored": 0.3654629839510773, "accuracy_mirrored": 0.3654278261598899, "error_small": 0.028806830038700812, "precision_small": 0.9564160331720801, "recall_small": 0.9564160331720801, "accuracy_small": 0.9564160331720801, "method": "hatchet2"}