{"simkey": "dataset_n2_diploid_4_1_0", "dataset_id": "diploid_4", "liquidsolid": "", "n_clones": 2, "n_samples": 3, "mixture_id": 0, "events_id": "A", "seed": 1, "error": 0.016111760562642283, "precision": 0.9784985864197339, "recall": 0.9787935831778326, "accuracy": 0.9715941680654747, "error_mirrored": 0.019194358128609604, "precision_mirrored": 0.9998318803866759, "recall_mirrored": 0.996803895938651, "accuracy_mirrored": 0.9966368491737705, "error_small": 0.13331038958992172, "precision_small": 0.8765202142363511, "recall_small": 0.8765202142363511, "accuracy_small": 0.8488246947707903, "method": "hatchet2"}