{"simkey": "dataset_n2_tetraploid_0_1_0", "dataset_id": "tetraploid_0", "liquidsolid": "", "n_clones": 2, "n_samples": 3, "mixture_id": 0, "events_id": "A", "seed": 1, "error": 0.06237765997550754, "precision": 0.9156641946653703, "recall": 0.9156530673037152, "accuracy": 0.9125005214513999, "error_mirrored": 0.25510835478485605, "precision_mirrored": 0.7471888746403278, "recall_mirrored": 0.7459470407107108, "accuracy_mirrored": 0.7456257705958446, "error_small": 0.45504140123646614, "precision_small": 0.3875741188666206, "recall_small": 0.39463026952315133, "accuracy_small": 0.3875741188666206, "method": "hatchet2"}