{"simkey": "dataset_n2_tetraploid_1_1_0", "dataset_id": "tetraploid_1", "liquidsolid": "", "n_clones": 2, "n_samples": 3, "mixture_id": 0, "events_id": "A", "seed": 1, "error": 0.6885682539358484, "precision": 0.22170457045480274, "recall": 0.28694255733468954, "accuracy": 0.1741264985558564, "error_mirrored": 0.9999355152260011, "precision_mirrored": 0.0033971053444283575, "recall_mirrored": 0.00014328700748341647, "accuracy_mirrored": 0.00013752290530332482, "error_small": 0.5354788983411657, "precision_small": 0.6328614374568072, "recall_small": 0.4796133379405667, "accuracy_small": 0.3708249251324579, "method": "hatchet1"}