{"simkey": "dataset_n2_diploid_3_0_1", "dataset_id": "diploid_3", "liquidsolid": "", "n_clones": 2, "n_samples": 2, "mixture_id": 1, "events_id": "A", "seed": 0, "error": 0.0948678853282316, "precision": 0.9802766448758667, "recall": 0.8109257361593725, "accuracy": 0.8045231438472784, "error_mirrored": 1.0, "precision_mirrored": 0.0, "recall_mirrored": 0.0, "accuracy_mirrored": 0.0, "error_small": 0.09297067654215634, "precision_small": 0.9877330684174154, "recall_small": 0.8289561161022806, "accuracy_small": 0.8204904975812025, "method": "hatchet1"}