{"simkey": "dataset_n2_diploid_4_1_2", "dataset_id": "diploid_4", "liquidsolid": "", "n_clones": 2, "n_samples": 2, "mixture_id": 2, "events_id": "A", "seed": 1, "error": 0.07476292560731777, "precision": 0.9782590345461366, "recall": 0.8513008236849255, "accuracy": 0.8444793961641172, "error_mirrored": 1.0, "precision_mirrored": 0.0, "recall_mirrored": 0.0, "accuracy_mirrored": 0.0, "error_small": 0.16202227375915698, "precision_small": 0.972356599861783, "recall_small": 0.6897031789910159, "accuracy_small": 0.6897031789910159, "method": "hatchet1"}