{"simkey": "dataset_n2_diploid_4_3_0", "dataset_id": "diploid_4", "liquidsolid": "", "n_clones": 2, "n_samples": 3, "mixture_id": 0, "events_id": "A", "seed": 3, "error": 0.01611927344306093, "precision": 0.9784342070648806, "recall": 0.9782877142201053, "accuracy": 0.971514352336157, "error_mirrored": 0.01696858364635732, "precision_mirrored": 0.9998681463020687, "recall_mirrored": 0.99707947515548, "accuracy_mirrored": 0.99694839044643, "error_small": 0.12052918521420182, "precision_small": 0.9246883206634416, "recall_small": 0.8730625431928127, "accuracy_small": 0.8680193503800967, "method": "hatchet2"}