{"simkey": "dataset_n2_tetraploid_1_3_0", "dataset_id": "tetraploid_1", "liquidsolid": "", "n_clones": 2, "n_samples": 3, "mixture_id": 0, "events_id": "A", "seed": 3, "error": 0.04957897892636612, "precision": 0.9347651233629412, "recall": 0.9332621693739577, "accuracy": 0.9278706510741822, "error_mirrored": 0.13361868922163783, "precision_mirrored": 0.8681068176800892, "recall_mirrored": 0.8755154768111565, "accuracy_mirrored": 0.8671931211040085, "error_small": 0.34602874430230357, "precision_small": 0.5290158949550795, "recall_small": 0.5290158949550795, "accuracy_small": 0.5290158949550795, "method": "hatchet2"}