{"simkey": "dataset_n2_tetraploid_4_3_0", "dataset_id": "tetraploid_4", "liquidsolid": "", "n_clones": 2, "n_samples": 3, "mixture_id": 0, "events_id": "A", "seed": 3, "error": 0.0896139410857638, "precision": 0.8784959890374658, "recall": 0.8759211246764543, "accuracy": 0.8644405366764396, "error_mirrored": 0.2790831090216652, "precision_mirrored": 0.7300272702352493, "recall_mirrored": 0.7226652119890301, "accuracy_mirrored": 0.7225684618463595, "error_small": 0.07831876399101591, "precision_small": 0.9065632342778162, "recall_small": 0.9065632342778162, "accuracy_small": 0.9065632342778162, "method": "hatchet2"}