{"simkey": "dataset_n2_tetraploid_2_3_1", "dataset_id": "tetraploid_2", "liquidsolid": "", "n_clones": 2, "n_samples": 2, "mixture_id": 1, "events_id": "A", "seed": 3, "error": 0.07285960700360633, "precision": 0.9053612091275516, "recall": 0.8806210354005851, "accuracy": 0.8681766458904931, "error_mirrored": 0.513919117358338, "precision_mirrored": 0.637044062890242, "recall_mirrored": 0.48678327157532636, "accuracy_mirrored": 0.48661852845859643, "error_small": 0.2699472056033173, "precision_small": 0.555413614374568, "recall_small": 0.5545506219765031, "accuracy_small": 0.5023537779313522, "method": "hatchet2"}