{"simkey": "dataset_n2_diploid_4_3_1", "dataset_id": "diploid_4", "liquidsolid": "", "n_clones": 2, "n_samples": 2, "mixture_id": 1, "events_id": "A", "seed": 3, "error": 0.018797848446827296, "precision": 0.973625470167073, "recall": 0.9736178505130161, "accuracy": 0.9666954824077535, "error_mirrored": 0.09222269175149476, "precision_mirrored": 0.9985279380134637, "recall_mirrored": 0.9775175226667274, "accuracy_mirrored": 0.976110861255296, "error_small": 0.06620633858552179, "precision_small": 0.9629398756046994, "recall_small": 0.9062709053213546, "accuracy_small": 0.8987379636028564, "method": "hatchet2"}