{"simkey": "dataset_n2_tetraploid_2_4_0", "dataset_id": "tetraploid_2", "liquidsolid": "", "n_clones": 2, "n_samples": 3, "mixture_id": 0, "events_id": "A", "seed": 4, "error": 0.10859183084092063, "precision": 0.9509564757537114, "recall": 0.8518128152769779, "accuracy": 0.8365617530531476, "error_mirrored": 1.0, "precision_mirrored": 0.0, "recall_mirrored": 0.0, "accuracy_mirrored": 0.0, "error_small": 0.1365672829030174, "precision_small": 0.9638909813407049, "recall_small": 0.8170350725639254, "accuracy_small": 0.8085694540428473, "method": "hatchet1"}