{"simkey": "dataset_n2_diploid_2_4_1", "dataset_id": "diploid_2", "liquidsolid": "", "n_clones": 2, "n_samples": 2, "mixture_id": 1, "events_id": "A", "seed": 4, "error": 0.07803286990973142, "precision": 0.9753154954568971, "recall": 0.8445911604526952, "accuracy": 0.8365699264710337, "error_mirrored": 1.0, "precision_mirrored": 0.0, "recall_mirrored": 0.0, "accuracy_mirrored": 0.0, "error_small": 0.1835737980350726, "precision_small": 0.972356599861783, "recall_small": 0.6414998272287491, "accuracy_small": 0.6414998272287491, "method": "hatchet1"}