{"simkey": "dataset_n2_diploid_0_3_1", "dataset_id": "diploid_0", "liquidsolid": "", "n_clones": 2, "n_samples": 2, "mixture_id": 1, "events_id": "A", "seed": 3, "error": 0.06650304662893199, "precision": 0.9837787569860839, "recall": 0.8678943185300296, "accuracy": 0.8628851407735307, "error_mirrored": 1.0, "precision_mirrored": 0.0, "recall_mirrored": 0.0, "accuracy_mirrored": 0.0, "error_small": 0.12140874661955776, "precision_small": 0.8120248790601244, "recall_small": 0.7638215272978577, "accuracy_small": 0.7080740036857867, "method": "hatchet1"}