{"simkey": "dataset_n2_tetraploid_4_2_2", "dataset_id": "tetraploid_4", "liquidsolid": "", "n_clones": 2, "n_samples": 2, "mixture_id": 2, "events_id": "A", "seed": 2, "error": 0.6284730085263222, "precision": 0.16021290516066256, "recall": 0.2491206515379381, "accuracy": 0.13648148050491973, "error_mirrored": 1.0, "precision_mirrored": 0.0, "recall_mirrored": 0.0, "accuracy_mirrored": 0.0, "error_small": 0.5912545084450587, "precision_small": 0.16378714581893572, "recall_small": 0.32757429163787144, "accuracy_small": 0.16378714581893572, "method": "hatchet1"}