{"simkey": "dataset_n2_tetraploid_3_4_2", "dataset_id": "tetraploid_3", "liquidsolid": "", "n_clones": 2, "n_samples": 2, "mixture_id": 2, "events_id": "A", "seed": 4, "error": 0.07863965755624634, "precision": 0.9873936408401264, "recall": 0.8445777712997242, "accuracy": 0.8412301686947318, "error_mirrored": 1.0, "precision_mirrored": 0.0, "recall_mirrored": 0.0, "accuracy_mirrored": 0.0, "error_small": 0.0355724799585349, "precision_small": 0.9830687629578438, "recall_small": 0.9348654111955771, "accuracy_small": 0.9348654111955771, "method": "hatchet1"}