{"simkey": "dataset_n2_diploid_4_2_0", "dataset_id": "diploid_4", "liquidsolid": "", "n_clones": 2, "n_samples": 3, "mixture_id": 0, "events_id": "A", "seed": 2, "error": 0.016139216094089463, "precision": 0.9774127499030731, "recall": 0.9776814811876376, "accuracy": 0.9701184207423513, "error_mirrored": 0.010310732805029307, "precision_mirrored": 0.9999246143787309, "recall_mirrored": 0.9902212677801885, "accuracy_mirrored": 0.9901473492473909, "error_small": 0.046166814381363754, "precision_small": 0.9402657221838286, "recall_small": 0.9402657221838286, "accuracy_small": 0.9325723335636952, "method": "hatchet2"}