{"simkey": "dataset_n2_tetraploid_1_3_1", "dataset_id": "tetraploid_1", "liquidsolid": "", "n_clones": 2, "n_samples": 2, "mixture_id": 1, "events_id": "A", "seed": 3, "error": 0.07490588547522686, "precision": 0.9379518475241929, "recall": 0.8676232727387715, "accuracy": 0.8628711697964071, "error_mirrored": 0.49282265505002437, "precision_mirrored": 0.8045406673518711, "recall_mirrored": 0.5076959613910892, "accuracy_mirrored": 0.5076443302817367, "error_small": 0.3027297405805114, "precision_small": 0.5521769177608846, "recall_small": 0.5294899792674499, "accuracy_small": 0.5294899792674499, "method": "hatchet2"}