{"simkey": "dataset_n2_diploid_1_2_0", "dataset_id": "diploid_1", "liquidsolid": "", "n_clones": 2, "n_samples": 3, "mixture_id": 0, "events_id": "A", "seed": 2, "error": 0.011272060126319513, "precision": 0.9860251432465944, "recall": 0.9863205861129584, "accuracy": 0.9819110474851229, "error_mirrored": 0.015435562470732236, "precision_mirrored": 0.999985320932469, "recall_mirrored": 0.9978689713440219, "accuracy_mirrored": 0.9978543547723989, "error_small": 0.049913322712301304, "precision_small": 0.9441276779543883, "recall_small": 0.9850577055977885, "accuracy_small": 0.9441276779543883, "method": "hatchet2"}