{"simkey": "dataset_n2_diploid_0_1_1", "dataset_id": "diploid_0", "liquidsolid": "", "n_clones": 2, "n_samples": 2, "mixture_id": 1, "events_id": "A", "seed": 1, "error": 0.013269485504296965, "precision": 0.9842378548360017, "recall": 0.9842103013603006, "accuracy": 0.9791444520116772, "error_mirrored": 0.08943032812615127, "precision_mirrored": 0.9996399513734464, "recall_mirrored": 0.9964077285732025, "accuracy_mirrored": 0.9960502616228742, "error_small": 0.12389328593244646, "precision_small": 0.7758521078092605, "recall_small": 0.7930780926053904, "accuracy_small": 0.7215668048836673, "method": "hatchet2"}