{"simkey": "dataset_n2_tetraploid_1_2_2", "dataset_id": "tetraploid_1", "liquidsolid": "", "n_clones": 2, "n_samples": 2, "mixture_id": 2, "events_id": "A", "seed": 2, "error": 0.07928317923830473, "precision": 0.9378120047964091, "recall": 0.8675250808017223, "accuracy": 0.8627775275269772, "error_mirrored": 0.5226006317569588, "precision_mirrored": 0.8046784215349737, "recall_mirrored": 0.5081178409276793, "accuracy_mirrored": 0.5080662889180753, "error_small": 0.29992879767933667, "precision_small": 0.5521769177608846, "recall_small": 0.5352985487214927, "accuracy_small": 0.5352985487214927, "method": "hatchet2"}