{"simkey": "dataset_n2_diploid_3_2_2", "dataset_id": "diploid_3", "liquidsolid": "", "n_clones": 2, "n_samples": 2, "mixture_id": 2, "events_id": "A", "seed": 2, "error": 0.018205580532367725, "precision": 0.9756294366128142, "recall": 0.975026977226507, "accuracy": 0.9688275509814622, "error_mirrored": 0.06720129158551104, "precision_mirrored": 0.9997111578994038, "recall_mirrored": 0.9857997566913106, "accuracy_mirrored": 0.9855302341618155, "error_small": 0.13650538619903244, "precision_small": 0.9790359364201797, "recall_small": 0.8257878369039392, "accuracy_small": 0.8257878369039392, "method": "hatchet2"}