{"simkey": "dataset_n2_diploid_4_4_1", "dataset_id": "diploid_4", "liquidsolid": "", "n_clones": 2, "n_samples": 2, "mixture_id": 1, "events_id": "A", "seed": 4, "error": 0.02093239166166985, "precision": 0.9787774299813996, "recall": 0.9786649085840526, "accuracy": 0.97176782459985, "error_mirrored": 0.14769663823554838, "precision_mirrored": 0.9999425553233167, "recall_mirrored": 0.997555955878967, "accuracy_mirrored": 0.9974987916457694, "error_small": 0.07308154651053904, "precision_small": 0.9623693849343469, "recall_small": 0.9268579820317899, "accuracy_small": 0.905700414651002, "method": "hatchet2"}