{"simkey": "dataset_n2_diploid_0_2_1", "dataset_id": "diploid_0", "liquidsolid": "", "n_clones": 2, "n_samples": 2, "mixture_id": 1, "events_id": "A", "seed": 2, "error": 0.01383524854649254, "precision": 0.9841910841769645, "recall": 0.9833902034010819, "accuracy": 0.9782922269109992, "error_mirrored": 0.09134229037807966, "precision_mirrored": 0.9996626702086349, "recall_mirrored": 0.9968449520168651, "accuracy_mirrored": 0.9965104897893637, "error_small": 0.15287073876088467, "precision_small": 0.7649032480995163, "recall_small": 0.7954519695922598, "accuracy_small": 0.7109686708131766, "method": "hatchet2"}