{"simkey": "dataset_n2_diploid_0_0_0", "dataset_id": "diploid_0", "liquidsolid": "", "n_clones": 2, "n_samples": 3, "mixture_id": 0, "events_id": "A", "seed": 0, "error": 0.012170199891845942, "precision": 0.9838987194392642, "recall": 0.9841228966480159, "accuracy": 0.9790156810580265, "error_mirrored": 0.018268780118052372, "precision_mirrored": 0.9996318052054965, "recall_mirrored": 0.9975464628264058, "accuracy_mirrored": 0.9972287644205858, "error_small": 0.19475821431421333, "precision_small": 0.7309421216309606, "recall_small": 0.7477937111264685, "accuracy_small": 0.6837206288873533, "method": "hatchet2"}