{"simkey": "dataset_n2_diploid_4_4_0", "dataset_id": "diploid_4", "liquidsolid": "", "n_clones": 2, "n_samples": 3, "mixture_id": 0, "events_id": "A", "seed": 4, "error": 0.09982188114727113, "precision": 0.9782135851606661, "recall": 0.8511899371715543, "accuracy": 0.844365932207369, "error_mirrored": 1.0, "precision_mirrored": 0.0, "recall_mirrored": 0.0, "accuracy_mirrored": 0.0, "error_small": 0.21858166625270675, "precision_small": 0.9554253628196269, "recall_small": 0.6812375604699378, "accuracy_small": 0.6812375604699378, "method": "hatchet1"}