{"simkey": "dataset_n2_diploid_2_3_2", "dataset_id": "diploid_2", "liquidsolid": "", "n_clones": 2, "n_samples": 2, "mixture_id": 2, "events_id": "A", "seed": 3, "error": 0.07840854478606808, "precision": 0.974712415759966, "recall": 0.8440395629918359, "accuracy": 0.8360550394903661, "error_mirrored": 1.0, "precision_mirrored": 0.0, "recall_mirrored": 0.0, "accuracy_mirrored": 0.0, "error_small": 0.15951512506012433, "precision_small": 0.972356599861783, "recall_small": 0.6897031789910159, "accuracy_small": 0.6897031789910159, "method": "hatchet1"}