{"simkey": "dataset_n2_diploid_3_1_0", "dataset_id": "diploid_3", "liquidsolid": "", "n_clones": 2, "n_samples": 3, "mixture_id": 0, "events_id": "A", "seed": 1, "error": 0.12637691127645007, "precision": 0.980476728983433, "recall": 0.8110111634812387, "accuracy": 0.8047261817402332, "error_mirrored": 0.9998888971135371, "precision_mirrored": 1.0, "recall_mirrored": 0.00011114890210832428, "accuracy_mirrored": 0.00011114890210832428, "error_small": 0.12907585003455424, "precision_small": 0.9792674498963373, "recall_small": 0.8120248790601244, "accuracy_small": 0.8120248790601244, "method": "hatchet1"}