{"simkey": "dataset_n2_diploid_0_0_2", "dataset_id": "diploid_0", "liquidsolid": "", "n_clones": 2, "n_samples": 2, "mixture_id": 2, "events_id": "A", "seed": 0, "error": 0.06619457195217855, "precision": 0.9841298945001956, "recall": 0.8682616735142428, "accuracy": 0.8632771369537202, "error_mirrored": 1.0, "precision_mirrored": 0.0, "recall_mirrored": 0.0, "accuracy_mirrored": 0.0, "error_small": 0.12135143327954394, "precision_small": 0.8120248790601244, "recall_small": 0.7638215272978577, "accuracy_small": 0.7080740036857867, "method": "hatchet1"}