{"simkey": "dataset_n2_tetraploid_2_2_2", "dataset_id": "tetraploid_2", "liquidsolid": "", "n_clones": 2, "n_samples": 2, "mixture_id": 2, "events_id": "A", "seed": 2, "error": 0.0746018533553103, "precision": 0.9014670321907478, "recall": 0.8801799612348851, "accuracy": 0.8656796387780087, "error_mirrored": 0.5266535926315734, "precision_mirrored": 0.6137873818980445, "recall_mirrored": 0.4872492511374435, "accuracy_mirrored": 0.47371465374358507, "error_small": 0.14109690601243954, "precision_small": 0.7391990324809952, "recall_small": 0.7985874222529371, "accuracy_small": 0.6881163326422479, "method": "hatchet2"}