{"simkey": "dataset_n2_tetraploid_3_1_0", "dataset_id": "tetraploid_3", "liquidsolid": "", "n_clones": 2, "n_samples": 3, "mixture_id": 0, "events_id": "A", "seed": 1, "error": 0.10419239559845447, "precision": 0.9878577364147274, "recall": 0.845524252974783, "accuracy": 0.8418288468176046, "error_mirrored": 1.0, "precision_mirrored": 0.0, "recall_mirrored": 0.0, "accuracy_mirrored": 0.0, "error_small": 0.04516961609306618, "precision_small": 0.9830687629578438, "recall_small": 0.9348654111955771, "accuracy_small": 0.9348654111955771, "method": "hatchet1"}