{"simkey": "dataset_n2_diploid_4_4_2", "dataset_id": "diploid_4", "liquidsolid": "", "n_clones": 2, "n_samples": 2, "mixture_id": 2, "events_id": "A", "seed": 4, "error": 0.07532190753865771, "precision": 0.9773964726874672, "recall": 0.8503816875633038, "accuracy": 0.8435376304253185, "error_mirrored": 1.0, "precision_mirrored": 0.0, "recall_mirrored": 0.0, "accuracy_mirrored": 0.0, "error_small": 0.16051931248514156, "precision_small": 0.9761579129232896, "recall_small": 0.6916038355217692, "accuracy_small": 0.6916038355217692, "method": "hatchet1"}