{"simkey": "dataset_n2_tetraploid_2_3_0", "dataset_id": "tetraploid_2", "liquidsolid": "", "n_clones": 2, "n_samples": 3, "mixture_id": 0, "events_id": "A", "seed": 3, "error": 0.10768050397330416, "precision": 0.950953079811927, "recall": 0.8518388377558059, "accuracy": 0.8365092008163152, "error_mirrored": 1.0, "precision_mirrored": 0.0, "recall_mirrored": 0.0, "accuracy_mirrored": 0.0, "error_small": 0.13555401378645446, "precision_small": 0.9638909813407049, "recall_small": 0.8170350725639254, "accuracy_small": 0.8085694540428473, "method": "hatchet1"}