{"simkey": "dataset_n2_tetraploid_4_4_1", "dataset_id": "tetraploid_4", "liquidsolid": "", "n_clones": 2, "n_samples": 2, "mixture_id": 1, "events_id": "A", "seed": 4, "error": 0.6276530865219628, "precision": 0.11827770202756575, "recall": 0.1843906992839518, "accuracy": 0.10212001172827288, "error_mirrored": 0.9999950163625777, "precision_mirrored": 3.1815482705082603e-05, "recall_mirrored": 1.8874073196474197e-05, "accuracy_mirrored": 1.3182593211103694e-05, "error_small": 0.5963775625431927, "precision_small": 0.16378714581893572, "recall_small": 0.32757429163787144, "accuracy_small": 0.16378714581893572, "method": "hatchet1"}