{"simkey": "dataset_n2_diploid_2_4_0", "dataset_id": "diploid_2", "liquidsolid": "", "n_clones": 2, "n_samples": 3, "mixture_id": 0, "events_id": "A", "seed": 4, "error": 0.104243603328968, "precision": 0.9746977082468763, "recall": 0.8446298181431763, "accuracy": 0.8362457576025746, "error_mirrored": 1.0, "precision_mirrored": 0.0, "recall_mirrored": 0.0, "accuracy_mirrored": 0.0, "error_small": 0.20595605235821227, "precision_small": 0.972356599861783, "recall_small": 0.698168797512094, "accuracy_small": 0.698168797512094, "method": "hatchet1"}