{"simkey": "dataset_n2_tetraploid_0_0_0", "dataset_id": "tetraploid_0", "liquidsolid": "", "n_clones": 2, "n_samples": 3, "mixture_id": 0, "events_id": "A", "seed": 0, "error": 0.06388005632195355, "precision": 0.9135320704429172, "recall": 0.913510338230111, "accuracy": 0.9104101684389168, "error_mirrored": 0.26080968390124115, "precision_mirrored": 0.7459870612011226, "recall_mirrored": 0.7397699425039554, "accuracy_mirrored": 0.7396796844912107, "error_small": 0.46708205571412126, "precision_small": 0.3755549412577747, "recall_small": 0.3755549412577747, "accuracy_small": 0.3755549412577747, "method": "hatchet2"}