{"simkey": "dataset_n2_diploid_3_2_1", "dataset_id": "diploid_3", "liquidsolid": "", "n_clones": 2, "n_samples": 2, "mixture_id": 1, "events_id": "A", "seed": 2, "error": 0.09568720632058474, "precision": 0.9791802476836854, "recall": 0.8095755102338603, "accuracy": 0.8033304443237445, "error_mirrored": 1.0, "precision_mirrored": 0.0, "recall_mirrored": 0.0, "accuracy_mirrored": 0.0, "error_small": 0.09626611472011051, "precision_small": 0.9830687629578438, "recall_small": 0.8139255355908777, "accuracy_small": 0.8139255355908777, "method": "hatchet1"}