{"simkey": "dataset_n2_diploid_0_1_0", "dataset_id": "diploid_0", "liquidsolid": "", "n_clones": 2, "n_samples": 3, "mixture_id": 0, "events_id": "A", "seed": 1, "error": 0.012591340141284877, "precision": 0.9835430978719131, "recall": 0.9837715743595361, "accuracy": 0.9784524398959725, "error_mirrored": 0.0236241724020529, "precision_mirrored": 0.9989230853327076, "recall_mirrored": 0.9934857940822549, "accuracy_mirrored": 0.9924228567472517, "error_small": 0.14708593533137507, "precision_small": 0.7936247408431237, "recall_small": 0.8186112646855563, "accuracy_small": 0.7378772172310527, "method": "hatchet2"}