{"simkey": "dataset_n2_diploid_1_1_1", "dataset_id": "diploid_1", "liquidsolid": "", "n_clones": 2, "n_samples": 2, "mixture_id": 1, "events_id": "A", "seed": 1, "error": 0.08938050752918418, "precision": 0.9856739855545884, "recall": 0.8222627683532017, "accuracy": 0.818062094661804, "error_mirrored": 1.0, "precision_mirrored": 0.0, "recall_mirrored": 0.0, "accuracy_mirrored": 0.0, "error_small": 0.028995775470628895, "precision_small": 0.9554253628196269, "recall_small": 0.9554253628196269, "accuracy_small": 0.9554253628196269, "method": "hatchet1"}