{"simkey": "dataset_n2_diploid_3_3_0", "dataset_id": "diploid_3", "liquidsolid": "", "n_clones": 2, "n_samples": 3, "mixture_id": 0, "events_id": "A", "seed": 3, "error": 0.01578176702973075, "precision": 0.9795655776629956, "recall": 0.9796167300638977, "accuracy": 0.9731450404612346, "error_mirrored": 0.015710684502374887, "precision_mirrored": 0.9999410509469436, "recall_mirrored": 0.9975704866215215, "accuracy_mirrored": 0.9975138820520144, "error_small": 0.02084808993648931, "precision_small": 0.9740753282653767, "recall_small": 0.9740753282653767, "accuracy_small": 0.9740753282653767, "method": "hatchet2"}