{"simkey": "dataset_n2_diploid_2_4_0", "dataset_id": "diploid_2", "liquidsolid": "", "n_clones": 2, "n_samples": 3, "mixture_id": 0, "events_id": "A", "seed": 4, "error": 0.01761716006537878, "precision": 0.9753539426281512, "recall": 0.9758212348833046, "accuracy": 0.967413521178776, "error_mirrored": 0.011939224960448271, "precision_mirrored": 0.9999435661908802, "recall_mirrored": 0.9973373018058124, "accuracy_mirrored": 0.9972818457502761, "error_small": 0.042354769789219135, "precision_small": 0.9395563234277816, "recall_small": 0.9590295438838977, "accuracy_small": 0.9262349113107577, "method": "hatchet2"}