{"simkey": "dataset_n2_tetraploid_4_0_0", "dataset_id": "tetraploid_4", "liquidsolid": "", "n_clones": 2, "n_samples": 3, "mixture_id": 0, "events_id": "A", "seed": 0, "error": 0.6964447860623509, "precision": 0.12944595074762139, "recall": 0.1825895726998016, "accuracy": 0.10935203843163369, "error_mirrored": 1.0, "precision_mirrored": 0.0, "recall_mirrored": 0.0, "accuracy_mirrored": 0.0, "error_small": 0.8258847121401753, "precision_small": 0.008465618521078093, "recall_small": 0.016931237042156187, "accuracy_small": 0.008465618521078093, "method": "hatchet1"}