{"simkey": "dataset_n2_tetraploid_0_2_2", "dataset_id": "tetraploid_0", "liquidsolid": "", "n_clones": 2, "n_samples": 2, "mixture_id": 2, "events_id": "A", "seed": 2, "error": 0.07879348242034429, "precision": 0.915319746190822, "recall": 0.8684547052272548, "accuracy": 0.8651114658759288, "error_mirrored": 0.5784421025407319, "precision_mirrored": 0.628213258534909, "recall_mirrored": 0.4258608523205372, "accuracy_mirrored": 0.42564573002366984, "error_small": 0.37891811126468555, "precision_small": 0.41593676572218385, "recall_small": 0.42896337249481686, "accuracy_small": 0.41593676572218385, "method": "hatchet2"}