{"simkey": "dataset_n2_diploid_1_1_0", "dataset_id": "diploid_1", "liquidsolid": "", "n_clones": 2, "n_samples": 3, "mixture_id": 0, "events_id": "A", "seed": 1, "error": 0.01084950392531845, "precision": 0.9865759319456577, "recall": 0.986647666117961, "accuracy": 0.9823113661988241, "error_mirrored": 0.015694422774980305, "precision_mirrored": 0.9999933453899832, "recall_mirrored": 0.9977288205115545, "accuracy_mirrored": 0.9977221960947389, "error_small": 0.029170369040543643, "precision_small": 0.9650259156876296, "recall_small": 0.9650259156876296, "accuracy_small": 0.9650259156876296, "method": "hatchet2"}