{"simkey": "dataset_n2_diploid_2_1_1", "dataset_id": "diploid_2", "liquidsolid": "", "n_clones": 2, "n_samples": 2, "mixture_id": 1, "events_id": "A", "seed": 1, "error": 0.017243406896379418, "precision": 0.9733304124341106, "recall": 0.9736027507859156, "accuracy": 0.9654752710658505, "error_mirrored": 0.05833576205269348, "precision_mirrored": 0.9983877617383992, "recall_mirrored": 0.9897115256963191, "accuracy_mirrored": 0.9881322655228577, "error_small": 0.02172576575777473, "precision_small": 0.9609956807187284, "recall_small": 0.9821532480995162, "accuracy_small": 0.9590799354987329, "method": "hatchet2"}