{"simkey": "dataset_n2_tetraploid_3_2_1", "dataset_id": "tetraploid_3", "liquidsolid": "", "n_clones": 2, "n_samples": 2, "mixture_id": 1, "events_id": "A", "seed": 2, "error": 0.07869331604455075, "precision": 0.9874455019326533, "recall": 0.8449490862673633, "accuracy": 0.8413975030598503, "error_mirrored": 1.0, "precision_mirrored": 0.0, "recall_mirrored": 0.0, "accuracy_mirrored": 0.0, "error_small": 0.03572542982671048, "precision_small": 0.9830687629578438, "recall_small": 0.9348654111955771, "accuracy_small": 0.9348654111955771, "method": "hatchet1"}