{"simkey": "dataset_n2_diploid_4_1_2", "dataset_id": "diploid_4", "liquidsolid": "", "n_clones": 2, "n_samples": 2, "mixture_id": 2, "events_id": "A", "seed": 1, "error": 0.01804105702852264, "precision": 0.9743376404135591, "recall": 0.9744962108728358, "accuracy": 0.9675886280700741, "error_mirrored": 0.0813286059447241, "precision_mirrored": 0.9993982180782366, "recall_mirrored": 0.9813645002177406, "accuracy_mirrored": 0.9808566668035468, "error_small": 0.08062984005943333, "precision_small": 0.8777214927436074, "recall_small": 0.8827646855563235, "accuracy_small": 0.8777214927436074, "method": "hatchet2"}