{"simkey": "dataset_n2_tetraploid_0_4_0", "dataset_id": "tetraploid_0", "liquidsolid": "", "n_clones": 2, "n_samples": 3, "mixture_id": 0, "events_id": "A", "seed": 4, "error": 0.1040993711385714, "precision": 0.9885004165116564, "recall": 0.8470472219803353, "accuracy": 0.8425718501405306, "error_mirrored": 1.0, "precision_mirrored": 0.0, "recall_mirrored": 0.0, "accuracy_mirrored": 0.0, "error_small": 0.2065300199163787, "precision_small": 0.972356599861783, "recall_small": 0.698168797512094, "accuracy_small": 0.698168797512094, "method": "hatchet1"}