{"simkey": "dataset_n2_tetraploid_3_3_0", "dataset_id": "tetraploid_3", "liquidsolid": "", "n_clones": 2, "n_samples": 3, "mixture_id": 0, "events_id": "A", "seed": 3, "error": 0.08161118904856285, "precision": 0.8889141120146772, "recall": 0.8892038798108916, "accuracy": 0.8840597059846631, "error_mirrored": 0.3354774660361159, "precision_mirrored": 0.6706889830480652, "recall_mirrored": 0.6651863960311647, "accuracy_mirrored": 0.6651522843870098, "error_small": 0.19027143535708374, "precision_small": 0.7344023842432619, "recall_small": 0.885701796821009, "accuracy_small": 0.7222311103432391, "method": "hatchet2"}