{"simkey": "dataset_n2_tetraploid_1_1_1", "dataset_id": "tetraploid_1", "liquidsolid": "", "n_clones": 2, "n_samples": 2, "mixture_id": 1, "events_id": "A", "seed": 1, "error": 0.6031632853282987, "precision": 0.15186486370449878, "recall": 0.21579693747497816, "accuracy": 0.12257128317719244, "error_mirrored": 1.0, "precision_mirrored": 0.0, "recall_mirrored": 0.0, "accuracy_mirrored": 0.0, "error_small": 0.5983785002671042, "precision_small": 0.2760884588804423, "recall_small": 0.2760884588804423, "accuracy_small": 0.1840589725869616, "method": "hatchet1"}