{"simkey": "dataset_n2_tetraploid_4_3_1", "dataset_id": "tetraploid_4", "liquidsolid": "", "n_clones": 2, "n_samples": 2, "mixture_id": 1, "events_id": "A", "seed": 3, "error": 0.10656090107768097, "precision": 0.8724127882290809, "recall": 0.8162934632667226, "accuracy": 0.8039671062164364, "error_mirrored": 0.6252690490446997, "precision_mirrored": 0.5834441456763964, "recall_mirrored": 0.3750353484752747, "accuracy_mirrored": 0.3749602184158531, "error_small": 0.06278169281271595, "precision_small": 0.90397201105736, "recall_small": 0.90397201105736, "accuracy_small": 0.90397201105736, "method": "hatchet2"}