{"simkey": "dataset_n2_tetraploid_0_3_2", "dataset_id": "tetraploid_0", "liquidsolid": "", "n_clones": 2, "n_samples": 2, "mixture_id": 2, "events_id": "A", "seed": 3, "error": 0.07771634662073747, "precision": 0.9893058393114135, "recall": 0.8464305662480305, "accuracy": 0.8433037275174023, "error_mirrored": 1.0, "precision_mirrored": 0.0, "recall_mirrored": 0.0, "accuracy_mirrored": 0.0, "error_small": 0.14967608949550798, "precision_small": 0.9842776434001382, "recall_small": 0.7220108845888045, "accuracy_small": 0.7100898410504493, "method": "hatchet1"}