{"simkey": "dataset_n2_diploid_0_1_2", "dataset_id": "diploid_0", "liquidsolid": "", "n_clones": 2, "n_samples": 2, "mixture_id": 2, "events_id": "A", "seed": 1, "error": 0.06673290625139584, "precision": 0.9833619969703055, "recall": 0.8674011835798509, "accuracy": 0.8624671865458831, "error_mirrored": 1.0, "precision_mirrored": 0.0, "recall_mirrored": 0.0, "accuracy_mirrored": 0.0, "error_small": 0.1213002259129233, "precision_small": 0.8120248790601244, "recall_small": 0.7638215272978577, "accuracy_small": 0.7080740036857867, "method": "hatchet1"}