{"simkey": "dataset_n2_tetraploid_3_4_0", "dataset_id": "tetraploid_3", "liquidsolid": "", "n_clones": 2, "n_samples": 3, "mixture_id": 0, "events_id": "A", "seed": 4, "error": 0.08700682230065997, "precision": 0.8853357808315502, "recall": 0.8844442741441805, "accuracy": 0.8817354051537101, "error_mirrored": 0.33656911845978954, "precision_mirrored": 0.6705808458359581, "recall_mirrored": 0.6651024840123102, "accuracy_mirrored": 0.6650227556271404, "error_small": 0.14443050492939416, "precision_small": 0.7981698341395992, "recall_small": 0.9456706979958535, "accuracy_small": 0.7981698341395992, "method": "hatchet2"}