{"simkey": "dataset_n2_tetraploid_4_1_0", "dataset_id": "tetraploid_4", "liquidsolid": "", "n_clones": 2, "n_samples": 3, "mixture_id": 0, "events_id": "A", "seed": 1, "error": 0.09290999503414357, "precision": 0.8738618141752473, "recall": 0.8755812744780009, "accuracy": 0.8600151464206222, "error_mirrored": 0.27920625762242346, "precision_mirrored": 0.7300370273155627, "recall_mirrored": 0.7219530791000598, "accuracy_mirrored": 0.7218663958541112, "error_small": 0.07479757830085236, "precision_small": 0.909977194194886, "recall_small": 0.9180853489979267, "accuracy_small": 0.909977194194886, "method": "hatchet2"}