{"simkey": "dataset_n2_diploid_2_3_0", "dataset_id": "diploid_2", "liquidsolid": "", "n_clones": 2, "n_samples": 3, "mixture_id": 0, "events_id": "A", "seed": 3, "error": 0.018010933987255798, "precision": 0.9738738053597161, "recall": 0.9740011421796784, "accuracy": 0.9660483299768198, "error_mirrored": 0.007587722907189581, "precision_mirrored": 0.9999453524963875, "recall_mirrored": 0.9936206915467463, "accuracy_mirrored": 0.993566739026977, "error_small": 0.12157393051273904, "precision_small": 0.8621890117484451, "recall_small": 0.8621890117484451, "accuracy_small": 0.84329935498733, "method": "hatchet2"}