{"simkey": "dataset_n2_diploid_2_2_0", "dataset_id": "diploid_2", "liquidsolid": "", "n_clones": 2, "n_samples": 3, "mixture_id": 0, "events_id": "A", "seed": 2, "error": 0.01770246473265746, "precision": 0.9754104182081216, "recall": 0.9755444323266412, "accuracy": 0.9674655883862948, "error_mirrored": 0.012017360016683316, "precision_mirrored": 0.9998982240527609, "recall_mirrored": 0.9977204366032111, "accuracy_mirrored": 0.9976339350909117, "error_small": 0.010078493867380784, "precision_small": 0.9879649274360747, "recall_small": 0.9879649274360747, "accuracy_small": 0.9873153651232435, "method": "hatchet2"}