{"simkey": "dataset_n2_diploid_1_1_1", "dataset_id": "diploid_1", "liquidsolid": "", "n_clones": 2, "n_samples": 2, "mixture_id": 1, "events_id": "A", "seed": 1, "error": 0.016770790894164656, "precision": 0.9867084029593426, "recall": 0.9868436995702522, "accuracy": 0.9824925966561093, "error_mirrored": 0.1110848705062964, "precision_mirrored": 0.9997567066838075, "recall_mirrored": 0.998822297391352, "accuracy_mirrored": 0.9985795767225158, "error_small": 0.044384638820490686, "precision_small": 0.9376765722183829, "recall_small": 0.963220801658604, "accuracy_small": 0.9376765722183829, "method": "hatchet2"}