{"simkey": "dataset_n2_diploid_4_2_1", "dataset_id": "diploid_4", "liquidsolid": "", "n_clones": 2, "n_samples": 2, "mixture_id": 1, "events_id": "A", "seed": 2, "error": 0.0750702952960547, "precision": 0.9776793417392738, "recall": 0.8510784885023379, "accuracy": 0.8438870683341813, "error_mirrored": 1.0, "precision_mirrored": 0.0, "recall_mirrored": 0.0, "accuracy_mirrored": 0.0, "error_small": 0.16206153968590184, "precision_small": 0.972356599861783, "recall_small": 0.6897031789910159, "accuracy_small": 0.6897031789910159, "method": "hatchet1"}