{"simkey": "dataset_n2_diploid_1_3_0", "dataset_id": "diploid_1", "liquidsolid": "", "n_clones": 2, "n_samples": 3, "mixture_id": 0, "events_id": "A", "seed": 3, "error": 0.1155077003809598, "precision": 0.9862276521110308, "recall": 0.986399447578484, "accuracy": 0.981791819382853, "error_mirrored": 0.7010317324987891, "precision_mirrored": 0.9976848540643953, "recall_mirrored": 0.9977470011922464, "accuracy_mirrored": 0.9955396572975516, "error_small": 0.03717146229110806, "precision_small": 0.9554253628196269, "recall_small": 0.9554253628196269, "accuracy_small": 0.9554253628196269, "method": "hatchet1"}