{"simkey": "dataset_n2_diploid_0_3_1", "dataset_id": "diploid_0", "liquidsolid": "", "n_clones": 2, "n_samples": 2, "mixture_id": 1, "events_id": "A", "seed": 3, "error": 0.012559632702947679, "precision": 0.9840424562936622, "recall": 0.9833698513873751, "accuracy": 0.9782881969989952, "error_mirrored": 0.0753149040738899, "precision_mirrored": 0.9999346451619945, "recall_mirrored": 0.9903488850370384, "accuracy_mirrored": 0.9903011363561386, "error_small": 0.11833774901606778, "precision_small": 0.7867766067726331, "recall_small": 0.8036549758120248, "accuracy_small": 0.7360145127850726, "method": "hatchet2"}