{"simkey": "dataset_n2_tetraploid_0_2_2", "dataset_id": "tetraploid_0", "liquidsolid": "", "n_clones": 2, "n_samples": 2, "mixture_id": 2, "events_id": "A", "seed": 2, "error": 0.0773501143430025, "precision": 0.9891455496522734, "recall": 0.8463168550005415, "accuracy": 0.8432413101778053, "error_mirrored": 1.0, "precision_mirrored": 0.0, "recall_mirrored": 0.0, "accuracy_mirrored": 0.0, "error_small": 0.17823083552176905, "precision_small": 0.9403940912232205, "recall_small": 0.6812375604699378, "accuracy_small": 0.6762271366044691, "method": "hatchet1"}