{"simkey": "dataset_n2_tetraploid_2_1_1", "dataset_id": "tetraploid_2", "liquidsolid": "", "n_clones": 2, "n_samples": 2, "mixture_id": 1, "events_id": "A", "seed": 1, "error": 0.07331227895699674, "precision": 0.9047062125497621, "recall": 0.8814754034371372, "accuracy": 0.8687434008208946, "error_mirrored": 0.513958135689333, "precision_mirrored": 0.6371963395170654, "recall_mirrored": 0.48656905078510565, "accuracy_mirrored": 0.486474742988929, "error_small": 0.29937848528559075, "precision_small": 0.5064725293711126, "recall_small": 0.5056095369730477, "accuracy_small": 0.45481450126698897, "method": "hatchet2"}