{"simkey": "dataset_n2_diploid_3_1_1", "dataset_id": "diploid_3", "liquidsolid": "", "n_clones": 2, "n_samples": 2, "mixture_id": 1, "events_id": "A", "seed": 1, "error": 0.09512419316514169, "precision": 0.9801565207898436, "recall": 0.8105670584777622, "accuracy": 0.8042982947097858, "error_mirrored": 1.0, "precision_mirrored": 0.0, "recall_mirrored": 0.0, "accuracy_mirrored": 0.0, "error_small": 0.09733702833448511, "precision_small": 0.9792674498963373, "recall_small": 0.8120248790601244, "accuracy_small": 0.8120248790601244, "method": "hatchet1"}