{"simkey": "dataset_n2_diploid_3_3_1", "dataset_id": "diploid_3", "liquidsolid": "", "n_clones": 2, "n_samples": 2, "mixture_id": 1, "events_id": "A", "seed": 3, "error": 0.021866740375887254, "precision": 0.9800045847440829, "recall": 0.9801318486513316, "accuracy": 0.9735403154639913, "error_mirrored": 0.12943887805383278, "precision_mirrored": 0.9999473334777957, "recall_mirrored": 0.9961346690506677, "accuracy_mirrored": 0.9960824088780221, "error_small": 0.022906348815653087, "precision_small": 0.9561135107118176, "recall_small": 0.9666580856945405, "accuracy_small": 0.9449995392766645, "method": "hatchet2"}