{"simkey": "dataset_n2_diploid_1_0_1", "dataset_id": "diploid_1", "liquidsolid": "", "n_clones": 2, "n_samples": 2, "mixture_id": 1, "events_id": "A", "seed": 0, "error": 0.013932414782305553, "precision": 0.9865330328231497, "recall": 0.9839873440161422, "accuracy": 0.9798505431989315, "error_mirrored": 0.08237323843633058, "precision_mirrored": 0.9962621198286149, "recall_mirrored": 0.9831077611559489, "accuracy_mirrored": 0.9807232179833486, "error_small": 0.011992636385625526, "precision_small": 0.981588804422944, "recall_small": 0.981588804422944, "accuracy_small": 0.981588804422944, "method": "hatchet2"}