{"simkey": "dataset_n2_tetraploid_0_1_1", "dataset_id": "tetraploid_0", "liquidsolid": "", "n_clones": 2, "n_samples": 2, "mixture_id": 1, "events_id": "A", "seed": 1, "error": 0.07878887936909656, "precision": 0.9151733418697947, "recall": 0.8681329862351214, "accuracy": 0.8647256439360802, "error_mirrored": 0.5770408207063753, "precision_mirrored": 0.6273869607547089, "recall_mirrored": 0.42382601492888794, "accuracy_mirrored": 0.42375996103344926, "error_small": 0.3822795846864202, "precision_small": 0.4024528334485142, "recall_small": 0.44782308223911543, "accuracy_small": 0.4024528334485142, "method": "hatchet2"}