{"simkey": "dataset_n2_diploid_1_1_0", "dataset_id": "diploid_1", "liquidsolid": "", "n_clones": 2, "n_samples": 3, "mixture_id": 0, "events_id": "A", "seed": 1, "error": 0.11537691508878409, "precision": 0.9856349469332765, "recall": 0.9861569356966875, "accuracy": 0.9810754063519894, "error_mirrored": 0.7016971590279171, "precision_mirrored": 0.998607961113668, "recall_mirrored": 0.9955597626234873, "accuracy_mirrored": 0.9943782268305109, "error_small": 0.03716058973015431, "precision_small": 0.9554253628196269, "recall_small": 0.9554253628196269, "accuracy_small": 0.9554253628196269, "method": "hatchet1"}