{"simkey": "dataset_n2_tetraploid_2_0_0", "dataset_id": "tetraploid_2", "liquidsolid": "", "n_clones": 2, "n_samples": 3, "mixture_id": 0, "events_id": "A", "seed": 0, "error": 0.10861240779963703, "precision": 0.9508695405492094, "recall": 0.8517830195085473, "accuracy": 0.8364907841935534, "error_mirrored": 1.0, "precision_mirrored": 0.0, "recall_mirrored": 0.0, "accuracy_mirrored": 0.0, "error_small": 0.13640349145116354, "precision_small": 0.9638909813407049, "recall_small": 0.8170350725639254, "accuracy_small": 0.8085694540428473, "method": "hatchet1"}