{"simkey": "dataset_n2_diploid_2_3_0", "dataset_id": "diploid_2", "liquidsolid": "", "n_clones": 2, "n_samples": 3, "mixture_id": 0, "events_id": "A", "seed": 3, "error": 0.10386400336114548, "precision": 0.975405824528808, "recall": 0.8448204728926177, "accuracy": 0.8367827069529244, "error_mirrored": 0.9999567269336643, "precision_mirrored": 1.0, "recall_mirrored": 0.0001442685014088353, "accuracy_mirrored": 0.0001442685014088353, "error_small": 0.21160919888850485, "precision_small": 0.972356599861783, "recall_small": 0.6897031789910159, "accuracy_small": 0.6897031789910159, "method": "hatchet1"}