{"simkey": "dataset_n2_diploid_4_4_0", "dataset_id": "diploid_4", "liquidsolid": "", "n_clones": 2, "n_samples": 3, "mixture_id": 0, "events_id": "A", "seed": 4, "error": 0.016232181881238806, "precision": 0.9785385018144217, "recall": 0.978591578413057, "accuracy": 0.9715548141170499, "error_mirrored": 0.020296772616883015, "precision_mirrored": 0.9998933993258158, "recall_mirrored": 0.9969289319828339, "accuracy_mirrored": 0.9968229850244074, "error_small": 0.10210395310734857, "precision_small": 0.941351416724257, "recall_small": 0.8846824464409122, "accuracy_small": 0.8773509560009215, "method": "hatchet2"}