{"simkey": "dataset_n2_diploid_3_4_1", "dataset_id": "diploid_3", "liquidsolid": "", "n_clones": 2, "n_samples": 2, "mixture_id": 1, "events_id": "A", "seed": 4, "error": 0.0949835636275531, "precision": 0.9802660883773573, "recall": 0.8106390981552943, "accuracy": 0.804391895009493, "error_mirrored": 1.0, "precision_mirrored": 0.0, "recall_mirrored": 0.0, "accuracy_mirrored": 0.0, "error_small": 0.0972413598332758, "precision_small": 0.9792674498963373, "recall_small": 0.8120248790601244, "accuracy_small": 0.8120248790601244, "method": "hatchet1"}