{"simkey": "dataset_n2_tetraploid_1_1_1", "dataset_id": "tetraploid_1", "liquidsolid": "", "n_clones": 2, "n_samples": 2, "mixture_id": 1, "events_id": "A", "seed": 1, "error": 0.07480188524471067, "precision": 0.938100906639363, "recall": 0.8677071398070039, "accuracy": 0.8629647425814313, "error_mirrored": 0.492597352625225, "precision_mirrored": 0.804540354262969, "recall_mirrored": 0.5075586755206901, "accuracy_mirrored": 0.5074820211867691, "error_small": 0.302724319626814, "precision_small": 0.5521769177608846, "recall_small": 0.5294899792674499, "accuracy_small": 0.5294899792674499, "method": "hatchet2"}