{"simkey": "dataset_n2_tetraploid_1_2_0", "dataset_id": "tetraploid_1", "liquidsolid": "", "n_clones": 2, "n_samples": 3, "mixture_id": 0, "events_id": "A", "seed": 2, "error": 0.6884825709849695, "precision": 0.22182526065684305, "recall": 0.28709568285409204, "accuracy": 0.1742269478787573, "error_mirrored": 0.9996292778874277, "precision_mirrored": 0.016474608674530152, "recall_mirrored": 0.0007214834173242615, "accuracy_mirrored": 0.0006921621892066668, "error_small": 0.5351313511501958, "precision_small": 0.6328614374568072, "recall_small": 0.4796133379405667, "accuracy_small": 0.3708249251324579, "method": "hatchet1"}