{"simkey": "dataset_n2_diploid_2_4_2", "dataset_id": "diploid_2", "liquidsolid": "", "n_clones": 2, "n_samples": 2, "mixture_id": 2, "events_id": "A", "seed": 4, "error": 0.017178796217323825, "precision": 0.9726167910960631, "recall": 0.9726116534128152, "accuracy": 0.9646980151723397, "error_mirrored": 0.052577337794223675, "precision_mirrored": 0.9997671288129109, "recall_mirrored": 0.9866561484164962, "accuracy_mirrored": 0.986473126495842, "error_small": 0.0798841172398065, "precision_small": 0.9217166551485833, "recall_small": 0.8641846924671734, "accuracy_small": 0.8641846924671734, "method": "hatchet2"}