{"simkey": "dataset_n2_diploid_1_3_1", "dataset_id": "diploid_1", "liquidsolid": "", "n_clones": 2, "n_samples": 2, "mixture_id": 1, "events_id": "A", "seed": 3, "error": 0.08928412774146, "precision": 0.985735084408347, "recall": 0.822405521993542, "accuracy": 0.8181696469617862, "error_mirrored": 1.0, "precision_mirrored": 0.0, "recall_mirrored": 0.0, "accuracy_mirrored": 0.0, "error_small": 0.029007445924498974, "precision_small": 0.9554253628196269, "recall_small": 0.9554253628196269, "accuracy_small": 0.9554253628196269, "method": "hatchet1"}