{"simkey": "dataset_n2_tetraploid_2_0_1", "dataset_id": "tetraploid_2", "liquidsolid": "", "n_clones": 2, "n_samples": 2, "mixture_id": 1, "events_id": "A", "seed": 0, "error": 0.08005666129673454, "precision": 0.9545549501636001, "recall": 0.8511948377901214, "accuracy": 0.8402198819226776, "error_mirrored": 1.0, "precision_mirrored": 0.0, "recall_mirrored": 0.0, "accuracy_mirrored": 0.0, "error_small": 0.10302196855563228, "precision_small": 0.9638909813407049, "recall_small": 0.8170350725639254, "accuracy_small": 0.8085694540428473, "method": "hatchet1"}