{"simkey": "dataset_n2_diploid_1_2_1", "dataset_id": "diploid_1", "liquidsolid": "", "n_clones": 2, "n_samples": 2, "mixture_id": 1, "events_id": "A", "seed": 2, "error": 0.016449825392372813, "precision": 0.9813535463473694, "recall": 0.9815231394825412, "accuracy": 0.9772304234287355, "error_mirrored": 0.08493366729483495, "precision_mirrored": 0.9998422057070551, "recall_mirrored": 0.9827652406794983, "accuracy_mirrored": 0.9826177506800862, "error_small": 0.033639819970628884, "precision_small": 0.954588804422944, "recall_small": 0.9817228749136144, "accuracy_small": 0.954588804422944, "method": "hatchet2"}