{"simkey": "dataset_n2_tetraploid_1_3_0", "dataset_id": "tetraploid_1", "liquidsolid": "", "n_clones": 2, "n_samples": 3, "mixture_id": 0, "events_id": "A", "seed": 3, "error": 0.6883451028244202, "precision": 0.22194086090637855, "recall": 0.2874679403426685, "accuracy": 0.1743604002693943, "error_mirrored": 1.0, "precision_mirrored": 0.0, "recall_mirrored": 0.0, "accuracy_mirrored": 0.0, "error_small": 0.535310915479613, "precision_small": 0.6328614374568072, "recall_small": 0.4796133379405667, "accuracy_small": 0.3708249251324579, "method": "hatchet1"}