{"simkey": "dataset_n2_diploid_3_0_1", "dataset_id": "diploid_3", "liquidsolid": "", "n_clones": 2, "n_samples": 2, "mixture_id": 1, "events_id": "A", "seed": 0, "error": 0.019148573332752057, "precision": 0.9750304676701377, "recall": 0.9750890257620959, "accuracy": 0.9685526282994362, "error_mirrored": 0.07827664309963721, "precision_mirrored": 0.9998877997495205, "recall_mirrored": 0.9838218297696905, "accuracy_mirrored": 0.9837132303450564, "error_small": 0.04330751700483762, "precision_small": 0.9514818590186593, "recall_small": 0.956870594333103, "accuracy_small": 0.9452163096060815, "method": "hatchet2"}