{"simkey": "dataset_n2_diploid_0_0_2", "dataset_id": "diploid_0", "liquidsolid": "", "n_clones": 2, "n_samples": 2, "mixture_id": 2, "events_id": "A", "seed": 0, "error": 0.013136294345122335, "precision": 0.9840262401021138, "recall": 0.984139116696408, "accuracy": 0.9790163879623945, "error_mirrored": 0.08512744307165229, "precision_mirrored": 0.9998093112957468, "recall_mirrored": 0.9966029987034702, "accuracy_mirrored": 0.9964170993829998, "error_small": 0.12121701241050453, "precision_small": 0.7788208362128541, "recall_small": 0.7954841050449205, "accuracy_small": 0.7230733126007832, "method": "hatchet2"}