{"simkey": "dataset_n2_diploid_0_4_0", "dataset_id": "diploid_0", "liquidsolid": "", "n_clones": 2, "n_samples": 3, "mixture_id": 0, "events_id": "A", "seed": 4, "error": 0.08773736897066022, "precision": 0.9787983690515113, "recall": 0.9790139163107018, "accuracy": 0.9751192435386655, "error_mirrored": 0.7021226984030489, "precision_mirrored": 0.9980714101539427, "recall_mirrored": 0.9947356208133834, "accuracy_mirrored": 0.9928610745973875, "error_small": 0.2735640253058053, "precision_small": 0.65860400829302, "recall_small": 0.6605046648237733, "accuracy_small": 0.6546303271135683, "method": "hatchet1"}