{"simkey": "dataset_n2_diploid_2_2_0", "dataset_id": "diploid_2", "liquidsolid": "", "n_clones": 2, "n_samples": 3, "mixture_id": 0, "events_id": "A", "seed": 2, "error": 0.10408824001935595, "precision": 0.97505544303039, "recall": 0.8445919140168541, "accuracy": 0.8364296852141168, "error_mirrored": 1.0, "precision_mirrored": 0.0, "recall_mirrored": 0.0, "accuracy_mirrored": 0.0, "error_small": 0.2059684013618981, "precision_small": 0.972356599861783, "recall_small": 0.698168797512094, "accuracy_small": 0.698168797512094, "method": "hatchet1"}