{"simkey": "dataset_n2_tetraploid_4_1_1", "dataset_id": "tetraploid_4", "liquidsolid": "", "n_clones": 2, "n_samples": 2, "mixture_id": 1, "events_id": "A", "seed": 1, "error": 0.1019616621394075, "precision": 0.8822288318109279, "recall": 0.826012936071527, "accuracy": 0.8145334917175253, "error_mirrored": 0.6275937001659894, "precision_mirrored": 0.5822940182372569, "recall_mirrored": 0.3734535781997272, "accuracy_mirrored": 0.3733106884465291, "error_small": 0.03820274118866619, "precision_small": 0.9410188320663442, "recall_small": 0.9587156185210781, "accuracy_small": 0.9410188320663442, "method": "hatchet2"}