{"simkey": "dataset_n2_diploid_3_2_0", "dataset_id": "diploid_3", "liquidsolid": "", "n_clones": 2, "n_samples": 3, "mixture_id": 0, "events_id": "A", "seed": 2, "error": 0.1264749050486632, "precision": 0.9803573563871928, "recall": 0.8108073077812862, "accuracy": 0.8045467783423382, "error_mirrored": 1.0, "precision_mirrored": 0.0, "recall_mirrored": 0.0, "accuracy_mirrored": 0.0, "error_small": 0.140928754774522, "precision_small": 0.9554253628196269, "recall_small": 0.8001038355217692, "accuracy_small": 0.8001038355217692, "method": "hatchet1"}