{"simkey": "dataset_n2_diploid_4_0_1", "dataset_id": "diploid_4", "liquidsolid": "", "n_clones": 2, "n_samples": 2, "mixture_id": 1, "events_id": "A", "seed": 0, "error": 0.019080183988259412, "precision": 0.9783837005934839, "recall": 0.9785345520390614, "accuracy": 0.9716373137811034, "error_mirrored": 0.11989448879528812, "precision_mirrored": 0.9997138654004709, "recall_mirrored": 0.9978039508781044, "accuracy_mirrored": 0.9975190714509171, "error_small": 0.10741153943676571, "precision_small": 0.8917000691085003, "recall_small": 0.8917000691085003, "accuracy_small": 0.8728104123473857, "method": "hatchet2"}