{"simkey": "dataset_n2_diploid_2_0_0", "dataset_id": "diploid_2", "liquidsolid": "", "n_clones": 2, "n_samples": 3, "mixture_id": 0, "events_id": "A", "seed": 0, "error": 0.10437249104135547, "precision": 0.9746200128779815, "recall": 0.8445357171017198, "accuracy": 0.8361550506799664, "error_mirrored": 1.0, "precision_mirrored": 0.0, "recall_mirrored": 0.0, "accuracy_mirrored": 0.0, "error_small": 0.2059949774851415, "precision_small": 0.972356599861783, "recall_small": 0.698168797512094, "accuracy_small": 0.698168797512094, "method": "hatchet1"}