{"simkey": "dataset_n2_tetraploid_4_1_2", "dataset_id": "tetraploid_4", "liquidsolid": "", "n_clones": 2, "n_samples": 2, "mixture_id": 2, "events_id": "A", "seed": 1, "error": 0.6365686768744471, "precision": 0.13927755052043664, "recall": 0.20714792219207623, "accuracy": 0.1155224280696906, "error_mirrored": 1.0, "precision_mirrored": 0.0, "recall_mirrored": 0.0, "accuracy_mirrored": 0.0, "error_small": 0.5889191416656876, "precision_small": 0.17225276434001383, "recall_small": 0.32757429163787144, "accuracy_small": 0.17225276434001383, "method": "hatchet1"}