{"simkey": "dataset_n2_diploid_1_4_0", "dataset_id": "diploid_1", "liquidsolid": "", "n_clones": 2, "n_samples": 3, "mixture_id": 0, "events_id": "A", "seed": 4, "error": 0.1156854090897547, "precision": 0.9860667965244532, "recall": 0.9864488584560172, "accuracy": 0.9814430127756953, "error_mirrored": 0.7013187273464028, "precision_mirrored": 0.9991267638163703, "recall_mirrored": 0.9965380205862125, "accuracy_mirrored": 0.9956960645609173, "error_small": 0.037171624519811104, "precision_small": 0.9554253628196269, "recall_small": 0.9554253628196269, "accuracy_small": 0.9554253628196269, "method": "hatchet1"}