{"simkey": "dataset_n2_tetraploid_0_0_0", "dataset_id": "tetraploid_0", "liquidsolid": "", "n_clones": 2, "n_samples": 3, "mixture_id": 0, "events_id": "A", "seed": 0, "error": 0.10387755600373781, "precision": 0.9882486636627749, "recall": 0.8468597742158999, "accuracy": 0.8424659321972497, "error_mirrored": 1.0, "precision_mirrored": 0.0, "recall_mirrored": 0.0, "accuracy_mirrored": 0.0, "error_small": 0.22400540295392776, "precision_small": 0.9338284381478922, "recall_small": 0.6831375259156877, "accuracy_small": 0.6746719073946096, "method": "hatchet1"}