{"simkey": "dataset_n2_tetraploid_0_4_0", "dataset_id": "tetraploid_0", "liquidsolid": "", "n_clones": 2, "n_samples": 3, "mixture_id": 0, "events_id": "A", "seed": 4, "error": 0.06292031396767046, "precision": 0.9142634310584918, "recall": 0.9145455476112622, "accuracy": 0.9110576955346793, "error_mirrored": 0.25880199998482456, "precision_mirrored": 0.746848653058623, "recall_mirrored": 0.7421868315288148, "accuracy_mirrored": 0.7421084710890422, "error_small": 0.43391085828426623, "precision_small": 0.4055834485141672, "recall_small": 0.4444543883897719, "accuracy_small": 0.4055834485141672, "method": "hatchet2"}