{"simkey": "dataset_n2_tetraploid_2_1_0", "dataset_id": "tetraploid_2", "liquidsolid": "", "n_clones": 2, "n_samples": 3, "mixture_id": 0, "events_id": "A", "seed": 1, "error": 0.08255244616753579, "precision": 0.8935120303413507, "recall": 0.8937168816405033, "accuracy": 0.881333366471332, "error_mirrored": 0.2815712670953413, "precision_mirrored": 0.7217365953938316, "recall_mirrored": 0.7203488053717523, "accuracy_mirrored": 0.7197758026094517, "error_small": 0.3694853480798203, "precision_small": 0.5341620594333103, "recall_small": 0.5503256738078783, "accuracy_small": 0.47897011057360056, "method": "hatchet2"}