{"simkey": "dataset_n2_diploid_3_1_0", "dataset_id": "diploid_3", "liquidsolid": "", "n_clones": 2, "n_samples": 3, "mixture_id": 0, "events_id": "A", "seed": 1, "error": 0.015469188810851953, "precision": 0.9794922968963323, "recall": 0.9795663734584311, "accuracy": 0.9730851007621233, "error_mirrored": 0.014288986845735695, "precision_mirrored": 0.9998963537909824, "recall_mirrored": 0.9976660569159711, "accuracy_mirrored": 0.9975628939261124, "error_small": 0.05707569527683718, "precision_small": 0.9219397028334485, "recall_small": 0.9290127850725639, "accuracy_small": 0.9219397028334485, "method": "hatchet2"}