{"simkey": "dataset_n2_tetraploid_3_2_0", "dataset_id": "tetraploid_3", "liquidsolid": "", "n_clones": 2, "n_samples": 3, "mixture_id": 0, "events_id": "A", "seed": 2, "error": 0.08213436718346724, "precision": 0.888774953233859, "recall": 0.8890552275009118, "accuracy": 0.883991441012742, "error_mirrored": 0.33538228199661496, "precision_mirrored": 0.670858911340732, "recall_mirrored": 0.6655257190097896, "accuracy_mirrored": 0.6654968011292755, "error_small": 0.18010946805517164, "precision_small": 0.7647023151347616, "recall_small": 0.9122031789910159, "accuracy_small": 0.7603601128772174, "method": "hatchet2"}