{"simkey": "dataset_n2_diploid_1_3_0", "dataset_id": "diploid_1", "liquidsolid": "", "n_clones": 2, "n_samples": 3, "mixture_id": 0, "events_id": "A", "seed": 3, "error": 0.011694320847259193, "precision": 0.9856355573945248, "recall": 0.9857737875942855, "accuracy": 0.9815100531503412, "error_mirrored": 0.018036047715809526, "precision_mirrored": 0.9999698702445388, "recall_mirrored": 0.9963209719246081, "accuracy_mirrored": 0.9962937292253325, "error_small": 0.031153939567115835, "precision_small": 0.9634998272287492, "recall_small": 0.9677052522460262, "accuracy_small": 0.9634998272287492, "method": "hatchet2"}