{"simkey": "dataset_n2_diploid_0_2_2", "dataset_id": "diploid_0", "liquidsolid": "", "n_clones": 2, "n_samples": 2, "mixture_id": 2, "events_id": "A", "seed": 2, "error": 0.06690997845871764, "precision": 0.9829838967193839, "recall": 0.8672244859851937, "accuracy": 0.8622337268629727, "error_mirrored": 1.0, "precision_mirrored": 0.0, "recall_mirrored": 0.0, "accuracy_mirrored": 0.0, "error_small": 0.11460134589685553, "precision_small": 0.8289561161022806, "recall_small": 0.7722871458189358, "accuracy_small": 0.7165396222068647, "method": "hatchet1"}