{"simkey": "dataset_n2_diploid_3_0_0", "dataset_id": "diploid_3", "liquidsolid": "", "n_clones": 2, "n_samples": 3, "mixture_id": 0, "events_id": "A", "seed": 0, "error": 0.01541310625667998, "precision": 0.9795163562552182, "recall": 0.9796144139373717, "accuracy": 0.9730941159814336, "error_mirrored": 0.015056952348722943, "precision_mirrored": 0.999927022523243, "recall_mirrored": 0.9975143656323434, "accuracy_mirrored": 0.9974438087136581, "error_small": 0.018507091071630965, "precision_small": 0.9744466136834831, "recall_small": 0.9815027643400138, "accuracy_small": 0.9744466136834831, "method": "hatchet2"}