{"simkey": "dataset_n2_tetraploid_0_3_1", "dataset_id": "tetraploid_0", "liquidsolid": "", "n_clones": 2, "n_samples": 2, "mixture_id": 1, "events_id": "A", "seed": 3, "error": 0.07820479612065569, "precision": 0.9149723479654106, "recall": 0.8678399076140013, "accuracy": 0.8645847576565633, "error_mirrored": 0.5760687907584279, "precision_mirrored": 0.6274573367276071, "recall_mirrored": 0.42405868559714716, "accuracy_mirrored": 0.4239575617160428, "error_small": 0.39221821005563234, "precision_small": 0.4020343814789219, "recall_small": 0.42362439530062196, "accuracy_small": 0.4020343814789219, "method": "hatchet2"}