{"simkey": "dataset_n2_diploid_1_3_2", "dataset_id": "diploid_1", "liquidsolid": "", "n_clones": 2, "n_samples": 2, "mixture_id": 2, "events_id": "A", "seed": 3, "error": 0.01400647854616918, "precision": 0.9865763165280815, "recall": 0.9841632418052975, "accuracy": 0.9797685384964945, "error_mirrored": 0.08247137345019215, "precision_mirrored": 0.9994776452135589, "recall_mirrored": 0.9825056723372565, "accuracy_mirrored": 0.9820327683485963, "error_small": 0.04912761922909467, "precision_small": 0.9257159640635798, "recall_small": 0.931154803040774, "accuracy_small": 0.9257159640635798, "method": "hatchet2"}