{"simkey": "dataset_n2_diploid_0_0_0", "dataset_id": "diploid_0", "liquidsolid": "", "n_clones": 2, "n_samples": 3, "mixture_id": 0, "events_id": "A", "seed": 0, "error": 0.0877926782858306, "precision": 0.9788464577973336, "recall": 0.9788055367742617, "accuracy": 0.9751075524823073, "error_mirrored": 0.7017680536707971, "precision_mirrored": 0.9961941228759074, "recall_mirrored": 0.9956162721074991, "accuracy_mirrored": 0.9922821002698327, "error_small": 0.2739241469015204, "precision_small": 0.6567033517622668, "recall_small": 0.6567033517622668, "accuracy_small": 0.6527296705828151, "method": "hatchet1"}