{"simkey": "dataset_n2_diploid_2_0_0", "dataset_id": "diploid_2", "liquidsolid": "", "n_clones": 2, "n_samples": 3, "mixture_id": 0, "events_id": "A", "seed": 0, "error": 0.018631923835212227, "precision": 0.9741221563470528, "recall": 0.9742766670190915, "accuracy": 0.9662839167702405, "error_mirrored": 0.01102441980567864, "precision_mirrored": 0.999945668470447, "recall_mirrored": 0.9984635631355613, "accuracy_mirrored": 0.9984093984271595, "error_small": 0.1265200484744299, "precision_small": 0.8418211817553559, "recall_small": 0.8621157567380788, "accuracy_small": 0.8359103317208016, "method": "hatchet2"}