{"simkey": "dataset_n2_tetraploid_4_3_2", "dataset_id": "tetraploid_4", "liquidsolid": "", "n_clones": 2, "n_samples": 2, "mixture_id": 2, "events_id": "A", "seed": 3, "error": 0.6276110680785142, "precision": 0.16146450809402696, "recall": 0.2501105069025975, "accuracy": 0.13723114716297313, "error_mirrored": 0.9999193154491685, "precision_mirrored": 0.0018587360594795538, "recall_mirrored": 0.00025163753345075924, "accuracy_mirrored": 0.0002217346543255189, "error_small": 0.5898538584948169, "precision_small": 0.17225276434001383, "recall_small": 0.32757429163787144, "accuracy_small": 0.17225276434001383, "method": "hatchet1"}