{"simkey": "dataset_n2_diploid_3_4_0", "dataset_id": "diploid_3", "liquidsolid": "", "n_clones": 2, "n_samples": 3, "mixture_id": 0, "events_id": "A", "seed": 4, "error": 0.015995539140673427, "precision": 0.9792134072362003, "recall": 0.9794247262787309, "accuracy": 0.9725369221055705, "error_mirrored": 0.0209332209910938, "precision_mirrored": 0.9947604517252233, "recall_mirrored": 0.9976398747520805, "accuracy_mirrored": 0.9924249647848349, "error_small": 0.025696408070836244, "precision_small": 0.9679362474084312, "recall_small": 0.9679362474084312, "accuracy_small": 0.9648533747984336, "method": "hatchet2"}