{"simkey": "dataset_n2_tetraploid_4_4_1", "dataset_id": "tetraploid_4", "liquidsolid": "", "n_clones": 2, "n_samples": 2, "mixture_id": 1, "events_id": "A", "seed": 4, "error": 0.10519662629791231, "precision": 0.8751745985837754, "recall": 0.820803672190452, "accuracy": 0.8065903147063139, "error_mirrored": 0.6256665684328914, "precision_mirrored": 0.5828165500319673, "recall_mirrored": 0.374941329892665, "accuracy_mirrored": 0.3747339320848451, "error_small": 0.057355062197650346, "precision_small": 0.9131845196959226, "recall_small": 0.9131845196959226, "accuracy_small": 0.9131845196959226, "method": "hatchet2"}