{"simkey": "dataset_n2_diploid_3_0_0", "dataset_id": "diploid_3", "liquidsolid": "", "n_clones": 2, "n_samples": 3, "mixture_id": 0, "events_id": "A", "seed": 0, "error": 0.12638360401471932, "precision": 0.9804354275952689, "recall": 0.8110066354959994, "accuracy": 0.8046315759968556, "error_mirrored": 1.0, "precision_mirrored": 0.0, "recall_mirrored": 0.0, "accuracy_mirrored": 0.0, "error_small": 0.1385251631181756, "precision_small": 0.9673464063579821, "recall_small": 0.8120248790601244, "accuracy_small": 0.8080511978806727, "method": "hatchet1"}