{"simkey": "dataset_n2_diploid_3_4_2", "dataset_id": "diploid_3", "liquidsolid": "", "n_clones": 2, "n_samples": 2, "mixture_id": 2, "events_id": "A", "seed": 4, "error": 0.020981575441219202, "precision": 0.9746348280425902, "recall": 0.9748150554143896, "accuracy": 0.9681210411736046, "error_mirrored": 0.09860621613925512, "precision_mirrored": 0.9999390358094014, "recall_mirrored": 0.9824572623078246, "accuracy_mirrored": 0.9824004454658756, "error_small": 0.046064816799067064, "precision_small": 0.9441784727021424, "recall_small": 0.9441784727021424, "accuracy_small": 0.930275397373877, "method": "hatchet2"}