{"simkey": "dataset_n2_diploid_0_2_0", "dataset_id": "diploid_0", "liquidsolid": "", "n_clones": 2, "n_samples": 3, "mixture_id": 0, "events_id": "A", "seed": 2, "error": 0.08773944616407174, "precision": 0.9785447321036532, "recall": 0.9788200592907448, "accuracy": 0.9748816984040216, "error_mirrored": 0.7021014387686817, "precision_mirrored": 0.9973647408477647, "recall_mirrored": 0.9943554187821759, "accuracy_mirrored": 0.99180443073809, "error_small": 0.27354211738838974, "precision_small": 0.65860400829302, "recall_small": 0.6605046648237733, "accuracy_small": 0.6546303271135683, "method": "hatchet1"}