{"simkey": "dataset_n2_diploid_4_0_0", "dataset_id": "diploid_4", "liquidsolid": "", "n_clones": 2, "n_samples": 3, "mixture_id": 0, "events_id": "A", "seed": 0, "error": 0.016271801660344653, "precision": 0.9783500165727476, "recall": 0.9781527020973401, "accuracy": 0.9714487629118691, "error_mirrored": 0.018296915755801498, "precision_mirrored": 0.9999051652672363, "recall_mirrored": 0.9971097657938449, "accuracy_mirrored": 0.997015478432217, "error_small": 0.1263726045599747, "precision_small": 0.9165791292328956, "recall_small": 0.8599101589495508, "accuracy_small": 0.8599101589495508, "method": "hatchet2"}