{"simkey": "dataset_n2_tetraploid_2_1_1", "dataset_id": "tetraploid_2", "liquidsolid": "", "n_clones": 2, "n_samples": 2, "mixture_id": 1, "events_id": "A", "seed": 1, "error": 0.08066520592802937, "precision": 0.9541512010100764, "recall": 0.850763179230099, "accuracy": 0.8398366880105188, "error_mirrored": 1.0, "precision_mirrored": 0.0, "recall_mirrored": 0.0, "accuracy_mirrored": 0.0, "error_small": 0.10079886005528671, "precision_small": 0.9638909813407049, "recall_small": 0.8170350725639254, "accuracy_small": 0.8085694540428473, "method": "hatchet1"}