{"simkey": "dataset_n2_diploid_1_4_0", "dataset_id": "diploid_1", "liquidsolid": "", "n_clones": 2, "n_samples": 3, "mixture_id": 0, "events_id": "A", "seed": 4, "error": 0.011595579097923124, "precision": 0.9864377724546999, "recall": 0.9866193460486415, "accuracy": 0.982318911715775, "error_mirrored": 0.01743653565620294, "precision_mirrored": 0.9999362085560506, "recall_mirrored": 0.9985326128033166, "accuracy_mirrored": 0.9984690084295522, "error_small": 0.026132837263994457, "precision_small": 0.9715808569454043, "recall_small": 0.9858876986869385, "accuracy_small": 0.9715808569454043, "method": "hatchet2"}