{"simkey": "dataset_n2_tetraploid_0_4_2", "dataset_id": "tetraploid_0", "liquidsolid": "", "n_clones": 2, "n_samples": 2, "mixture_id": 2, "events_id": "A", "seed": 4, "error": 0.07930803217727776, "precision": 0.9146412860446828, "recall": 0.8675415333626971, "accuracy": 0.8644198099979085, "error_mirrored": 0.5768099965999381, "precision_mirrored": 0.627309997987569, "recall_mirrored": 0.42403664391616197, "accuracy_mirrored": 0.4239301397895626, "error_small": 0.3908806171389082, "precision_small": 0.40129751209398756, "recall_small": 0.40129751209398756, "accuracy_small": 0.40129751209398756, "method": "hatchet2"}