{"simkey": "dataset_n2_tetraploid_1_4_2", "dataset_id": "tetraploid_1", "liquidsolid": "", "n_clones": 2, "n_samples": 2, "mixture_id": 2, "events_id": "A", "seed": 4, "error": 0.07987804240895352, "precision": 0.9374585544484529, "recall": 0.8675558196630762, "accuracy": 0.8628088171211363, "error_mirrored": 0.5239223095129717, "precision_mirrored": 0.8049615111206163, "recall_mirrored": 0.5080278386659628, "accuracy_mirrored": 0.5079836217844564, "error_small": 0.2970013469946439, "precision_small": 0.5444523151347616, "recall_small": 0.5444523151347616, "accuracy_small": 0.5444523151347616, "method": "hatchet2"}